seed,sim_gens,init_corin,init_opt,final_opt,fitness_width,lambda,replicate
7727562237573,80,0,0.13,0.876,0.5446,15,1
4241304957773,80,0,0.13,0.876,0.5446,15,10
1890844495505,80,0,0.13,0.876,0.5446,15,11
2031806240011,80,0,0.13,0.876,0.5446,15,12
4089044361324,80,0,0.13,0.876,0.5446,15,13
7871403661390,80,0,0.13,0.876,0.5446,15,14
7782972693361,80,0,0.13,0.876,0.5446,15,15
7816143043315,80,0,0.13,0.876,0.5446,15,16
2026896215747,80,0,0.13,0.876,0.5446,15,17
3950053776383,80,0,0.13,0.876,0.5446,15,18
4563955965317,80,0,0.13,0.876,0.5446,15,19
8028354575066,80,0,0.13,0.876,0.5446,15,2
7796092833305,80,0,0.13,0.876,0.5446,15,20
7771562593382,80,0,0.13,0.876,0.5446,15,21
4083454341333,80,0,0.13,0.876,0.5446,15,22
4822993257565,80,0,0.13,0.876,0.5446,15,23
7852483458416,80,0,0.13,0.876,0.5446,15,24
4265595056156,80,0,0.13,0.876,0.5446,15,25
1992066028899,80,0,0.13,0.876,0.5446,15,26
4537095754309,80,0,0.13,0.876,0.5446,15,27
2585015789730,80,0,0.13,0.876,0.5446,15,28
1988776011294,80,0,0.13,0.876,0.5446,15,29
8013274497277,80,0,0.13,0.876,0.5446,15,3
4057644237115,80,0,0.13,0.876,0.5446,15,30
2021246189031,80,0,0.13,0.876,0.5446,15,4
4131214529398,80,0,0.13,0.876,0.5446,15,5
7872873674775,80,0,0.13,0.876,0.5446,15,6
4092724373717,80,0,0.13,0.876,0.5446,15,7
8131945093449,80,0,0.13,0.876,0.5446,15,8
4596736233095,80,0,0.13,0.876,0.5446,15,9
4800275936302,80,0,0.13,0.876,0.5446,4,1
4121334494201,80,0,0.13,0.876,0.5446,4,10
4241084957203,80,0,0.13,0.876,0.5446,4,11
7773962609777,80,0,0.13,0.876,0.5446,4,12
8059504711320,80,0,0.13,0.876,0.5446,4,13
4314125242841,80,0,0.13,0.876,0.5446,4,14
4591166188609,80,0,0.13,0.876,0.5446,4,15
4399985592274,80,0,0.13,0.876,0.5446,4,16
7768462569601,80,0,0.13,0.876,0.5446,4,17
4300865190953,80,0,0.13,0.876,0.5446,4,18
3706272326148,80,0,0.13,0.876,0.5446,4,19
4235114931913,80,0,0.13,0.876,0.5446,4,2
1926005674017,80,0,0.13,0.876,0.5446,4,20
2036166267067,80,0,0.13,0.876,0.5446,4,21
4901344729506,80,0,0.13,0.876,0.5446,4,22
4797025915973,80,0,0.13,0.876,0.5446,4,23
1945055780389,80,0,0.13,0.876,0.5446,4,24
4114914466528,80,0,0.13,0.876,0.5446,4,25
7711232071835,80,0,0.13,0.876,0.5446,4,26
4831213583016,80,0,0.13,0.876,0.5446,4,27
3897063488063,80,0,0.13,0.876,0.5446,4,28
3681002181897,80,0,0.13,0.876,0.5446,4,29
8104824962453,80,0,0.13,0.876,0.5446,4,3
4211354841880,80,0,0.13,0.876,0.5446,4,30
7782982693360,80,0,0.13,0.876,0.5446,4,4
4230604917886,80,0,0.13,0.876,0.5446,4,5
4947335249054,80,0,0.13,0.876,0.5446,4,6
4158764644301,80,0,0.13,0.876,0.5446,4,7
3977943916358,80,0,0.13,0.876,0.5446,4,8
7765462551385,80,0,0.13,0.876,0.5446,4,9
8188205364696,80,0,0.13,0.876,0.6562,15,1
7822343089329,80,0,0.13,0.876,0.6562,15,10
4376925503910,80,0,0.13,0.876,0.6562,15,11
3928723669184,80,0,0.13,0.876,0.6562,15,12
1969805908338,80,0,0.13,0.876,0.6562,15,13
2032656250105,80,0,0.13,0.876,0.6562,15,14
4300925190961,80,0,0.13,0.876,0.6562,15,15
4258065031944,80,0,0.13,0.876,0.6562,15,16
3918003612319,80,0,0.13,0.876,0.6562,15,17
4591106187059,80,0,0.13,0.876,0.6562,15,18
4005034046580,80,0,0.13,0.876,0.6562,15,19
2578595695406,80,0,0.13,0.876,0.6562,15,2
4921624953869,80,0,0.13,0.876,0.6562,15,20
4311195233787,80,0,0.13,0.876,0.6562,15,21
1967625900146,80,0,0.13,0.876,0.6562,15,22
8059474711245,80,0,0.13,0.876,0.6562,15,23
4906864815066,80,0,0.13,0.876,0.6562,15,24
7818483057209,80,0,0.13,0.876,0.6562,15,25
4026294128302,80,0,0.13,0.876,0.6562,15,26
4862864294698,80,0,0.13,0.876,0.6562,15,27
7961344222465,80,0,0.13,0.876,0.6562,15,28
3994684000847,80,0,0.13,0.876,0.6562,15,29
4971635494681,80,0,0.13,0.876,0.6562,15,3
1951235810105,80,0,0.13,0.876,0.6562,15,30
3949673774905,80,0,0.13,0.876,0.6562,15,4
4762655661074,80,0,0.13,0.876,0.6562,15,5
4842496236205,80,0,0.13,0.876,0.6562,15,6
4545255816752,80,0,0.13,0.876,0.6562,15,7
7755762480384,80,0,0.13,0.876,0.6562,15,8
3921233630509,80,0,0.13,0.876,0.6562,15,9
4003184039379,80,0,0.13,0.876,0.6562,4,1
4376915503909,80,0,0.13,0.876,0.6562,4,10
7822313088546,80,0,0.13,0.876,0.6562,4,11
4314115242838,80,0,0.13,0.876,0.6562,4,12
3863863251155,80,0,0.13,0.876,0.6562,4,13
7774112611233,80,0,0.13,0.876,0.6562,4,14
3949663774904,80,0,0.13,0.876,0.6562,4,15
4879274471276,80,0,0.13,0.876,0.6562,4,16
4308515221298,80,0,0.13,0.876,0.6562,4,17
7782132687959,80,0,0.13,0.876,0.6562,4,18
4354135398139,80,0,0.13,0.876,0.6562,4,19
3790542809374,80,0,0.13,0.876,0.6562,4,2
4138844560712,80,0,0.13,0.876,0.6562,4,20
3931243681211,80,0,0.13,0.876,0.6562,4,21
3868303288364,80,0,0.13,0.876,0.6562,4,22
7985264357916,80,0,0.13,0.876,0.6562,4,23
4042224180305,80,0,0.13,0.876,0.6562,4,24
8225665566267,80,0,0.13,0.876,0.6562,4,25
4949525273868,80,0,0.13,0.876,0.6562,4,26
4195034773440,80,0,0.13,0.876,0.6562,4,27
8085084856619,80,0,0.13,0.876,0.6562,4,28
8204845453809,80,0,0.13,0.876,0.6562,4,29
3836673081866,80,0,0.13,0.876,0.6562,4,3
3893983463676,80,0,0.13,0.876,0.6562,4,30
4300915190960,80,0,0.13,0.876,0.6562,4,4
3788742798470,80,0,0.13,0.876,0.6562,4,5
7772462597853,80,0,0.13,0.876,0.6562,4,6
3872613320542,80,0,0.13,0.876,0.6562,4,7
2043936309491,80,0,0.13,0.876,0.6562,4,8
4304315203480,80,0,0.13,0.876,0.6562,4,9
2866346304747,80,0,0.13,0.876,0.7805,15,1
4098954395744,80,0,0.13,0.876,0.7805,15,10
8049314672060,80,0,0.13,0.876,0.7805,15,11
7699081975905,80,0,0.13,0.876,0.7805,15,12
4255085022640,80,0,0.13,0.876,0.7805,15,13
4954135315552,80,0,0.13,0.876,0.7805,15,14
1993996037903,80,0,0.13,0.876,0.7805,15,15
1961835866520,80,0,0.13,0.876,0.7805,15,16
3651822014653,80,0,0.13,0.876,0.7805,15,17
4948905266900,80,0,0.13,0.876,0.7805,15,18
3724042427677,80,0,0.13,0.876,0.7805,15,19
8078504821403,80,0,0.13,0.876,0.7805,15,2
2584335786563,80,0,0.13,0.876,0.7805,15,20
4578646088049,80,0,0.13,0.876,0.7805,15,21
8114755008408,80,0,0.13,0.876,0.7805,15,22
8219845541060,80,0,0.13,0.876,0.7805,15,23
4766255688142,80,0,0.13,0.876,0.7805,15,24
4077794319427,80,0,0.13,0.876,0.7805,15,25
3771672700196,80,0,0.13,0.876,0.7805,15,26
3805042886434,80,0,0.13,0.876,0.7805,15,27
3784252772895,80,0,0.13,0.876,0.7805,15,28
7743852377035,80,0,0.13,0.876,0.7805,15,29
1895294667205,80,0,0.13,0.876,0.7805,15,3
4230734917988,80,0,0.13,0.876,0.7805,15,30
7713222084606,80,0,0.13,0.876,0.7805,15,4
4910494846763,80,0,0.13,0.876,0.7805,15,5
8176405309052,80,0,0.13,0.876,0.7805,15,6
4245384979912,80,0,0.13,0.876,0.7805,15,7
3995984004763,80,0,0.13,0.876,0.7805,15,8
4792332027462,80,0,0.13,0.876,0.7805,15,9
3740412516974,80,0,0.13,0.876,0.7805,4,1
8049324672064,80,0,0.13,0.876,0.7805,4,10
4099364396972,80,0,0.13,0.876,0.7805,4,11
2605226109827,80,0,0.13,0.876,0.7805,4,12
4103734419105,80,0,0.13,0.876,0.7805,4,13
4017574091805,80,0,0.13,0.876,0.7805,4,14
7713202084606,80,0,0.13,0.876,0.7805,4,15
3858213217640,80,0,0.13,0.876,0.7805,4,16
4582856121994,80,0,0.13,0.876,0.7805,4,17
4023954120396,80,0,0.13,0.876,0.7805,4,18
2037866276927,80,0,0.13,0.876,0.7805,4,19
7954654184944,80,0,0.13,0.876,0.7805,4,2
7849693422895,80,0,0.13,0.876,0.7805,4,20
3646301986620,80,0,0.13,0.876,0.7805,4,21
8002074441292,80,0,0.13,0.876,0.7805,4,22
7812933009381,80,0,0.13,0.876,0.7805,4,23
7793552804204,80,0,0.13,0.876,0.7805,4,24
4169004681841,80,0,0.13,0.876,0.7805,4,25
4592186196532,80,0,0.13,0.876,0.7805,4,26
8232835600629,80,0,0.13,0.876,0.7805,4,27
4764915671796,80,0,0.13,0.876,0.7805,4,28
2048686339136,80,0,0.13,0.876,0.7805,4,29
7993714391869,80,0,0.13,0.876,0.7805,4,3
8019414535206,80,0,0.13,0.876,0.7805,4,30
1994156043141,80,0,0.13,0.876,0.7805,4,4
4057684238061,80,0,0.13,0.876,0.7805,4,5
4017064090098,80,0,0.13,0.876,0.7805,4,6
4128104519221,80,0,0.13,0.876,0.7805,4,7
4347015373768,80,0,0.13,0.876,0.7805,4,8
2007106111144,80,0,0.13,0.876,0.7805,4,9
2592135879510,80,0.01,0.13,0.876,0.5446,15,1
3953713794668,80,0.01,0.13,0.876,0.5446,15,10
8135525105459,80,0.01,0.13,0.876,0.5446,15,11
3815532951831,80,0.01,0.13,0.876,0.5446,15,12
8193675393186,80,0.01,0.13,0.876,0.5446,15,13
8092764892955,80,0.01,0.13,0.876,0.5446,15,14
2578045693976,80,0.01,0.13,0.876,0.5446,15,15
4855666320660,80,0.01,0.13,0.876,0.5446,15,16
4813682892374,80,0.01,0.13,0.876,0.5446,15,17
8100624941295,80,0.01,0.13,0.876,0.5446,15,18
3869073294948,80,0.01,0.13,0.876,0.5446,15,19
4300805190921,80,0.01,0.13,0.876,0.5446,15,2
2017516170794,80,0.01,0.13,0.876,0.5446,15,20
1922195646442,80,0.01,0.13,0.876,0.5446,15,21
4355815404722,80,0.01,0.13,0.876,0.5446,15,22
1981485969772,80,0.01,0.13,0.876,0.5446,15,23
1994026038575,80,0.01,0.13,0.876,0.5446,15,24
3975383901800,80,0.01,0.13,0.876,0.5446,15,25
7850733433465,80,0.01,0.13,0.876,0.5446,15,26
7704582021612,80,0.01,0.13,0.876,0.5446,15,27
3668922110937,80,0.01,0.13,0.876,0.5446,15,28
3876633342823,80,0.01,0.13,0.876,0.5446,15,29
4280635111187,80,0.01,0.13,0.876,0.5446,15,3
4325235289956,80,0.01,0.13,0.876,0.5446,15,30
4810382810283,80,0.01,0.13,0.876,0.5446,15,4
4940635168387,80,0.01,0.13,0.876,0.5446,15,5
4915814901170,80,0.01,0.13,0.876,0.5446,15,6
8202045434197,80,0.01,0.13,0.876,0.5446,15,7
8009564480475,80,0.01,0.13,0.876,0.5446,15,8
3803652879407,80,0.01,0.13,0.876,0.5446,15,9
4820983183134,80,0.01,0.13,0.876,0.5446,4,1
8135295104769,80,0.01,0.13,0.876,0.5446,4,10
3953513793971,80,0.01,0.13,0.876,0.5446,4,11
4409085629022,80,0.01,0.13,0.876,0.5446,4,12
4010784067668,80,0.01,0.13,0.876,0.5446,4,13
4149024601176,80,0.01,0.13,0.876,0.5446,4,14
7793612805351,80,0.01,0.13,0.876,0.5446,4,15
3737222498674,80,0.01,0.13,0.876,0.5446,4,16
4402375604156,80,0.01,0.13,0.876,0.5446,4,17
8029174577280,80,0.01,0.13,0.876,0.5446,4,18
2593715903647,80,0.01,0.13,0.876,0.5446,4,19
3947703767227,80,0.01,0.13,0.876,0.5446,4,2
7784782715397,80,0.01,0.13,0.876,0.5446,4,20
3811672930918,80,0.01,0.13,0.876,0.5446,4,21
7927754053244,80,0.01,0.13,0.876,0.5446,4,22
7734882300719,80,0.01,0.13,0.876,0.5446,4,23
7713212084607,80,0.01,0.13,0.876,0.5446,4,24
4278905102679,80,0.01,0.13,0.876,0.5446,4,25
1942235762974,80,0.01,0.13,0.876,0.5446,4,26
4584126130352,80,0.01,0.13,0.876,0.5446,4,27
1995856052793,80,0.01,0.13,0.876,0.5446,4,28
4788045854060,80,0.01,0.13,0.876,0.5446,4,29
4837673800448,80,0.01,0.13,0.876,0.5446,4,3
4039004171761,80,0.01,0.13,0.876,0.5446,4,30
2578015693403,80,0.01,0.13,0.876,0.5446,4,4
3935013700151,80,0.01,0.13,0.876,0.5446,4,5
4151174610060,80,0.01,0.13,0.876,0.5446,4,6
7907603929725,80,0.01,0.13,0.876,0.5446,4,7
4261655043680,80,0.01,0.13,0.876,0.5446,4,8
4981875616869,80,0.01,0.13,0.876,0.5446,4,9
7980284330388,80,0.01,0.13,0.876,0.6562,15,1
4610736349147,80,0.01,0.13,0.876,0.6562,15,10
3710542347888,80,0.01,0.13,0.876,0.6562,15,11
4225794897040,80,0.01,0.13,0.876,0.6562,15,12
3701442295038,80,0.01,0.13,0.876,0.6562,15,13
3815852953470,80,0.01,0.13,0.876,0.6562,15,14
8028184574437,80,0.01,0.13,0.876,0.6562,15,15
3976143904122,80,0.01,0.13,0.876,0.6562,15,16
4914064874236,80,0.01,0.13,0.876,0.6562,15,17
7793522804192,80,0.01,0.13,0.876,0.6562,15,18
4179104717285,80,0.01,0.13,0.876,0.6562,15,19
7782122687959,80,0.01,0.13,0.876,0.6562,15,2
7884633755982,80,0.01,0.13,0.876,0.6562,15,20
8036784614742,80,0.01,0.13,0.876,0.6562,15,21
7737612321419,80,0.01,0.13,0.876,0.6562,15,22
4010624066389,80,0.01,0.13,0.876,0.6562,15,23
7941434121341,80,0.01,0.13,0.876,0.6562,15,24
2618676295130,80,0.01,0.13,0.876,0.6562,15,25
4207144825297,80,0.01,0.13,0.876,0.6562,15,26
4955295331474,80,0.01,0.13,0.876,0.6562,15,27
8176285308628,80,0.01,0.13,0.876,0.6562,15,28
4896244661027,80,0.01,0.13,0.876,0.6562,15,29
7739882340863,80,0.01,0.13,0.876,0.6562,15,3
7715402099140,80,0.01,0.13,0.876,0.6562,15,30
8099214937411,80,0.01,0.13,0.876,0.6562,15,4
3768592678210,80,0.01,0.13,0.876,0.6562,15,5
3813252937779,80,0.01,0.13,0.876,0.6562,15,6
3677262164469,80,0.01,0.13,0.876,0.6562,15,7
8228645581044,80,0.01,0.13,0.876,0.6562,15,8
8085854860885,80,0.01,0.13,0.876,0.6562,15,9
4171084687799,80,0.01,0.13,0.876,0.6562,4,1
3710412347373,80,0.01,0.13,0.876,0.6562,4,10
2050806346846,80,0.01,0.13,0.876,0.6562,4,11
8034314606664,80,0.01,0.13,0.876,0.6562,4,12
4806155965705,80,0.01,0.13,0.876,0.6562,4,13
4409115629433,80,0.01,0.13,0.876,0.6562,4,14
8099114936161,80,0.01,0.13,0.876,0.6562,4,15
4932685082022,80,0.01,0.13,0.876,0.6562,4,16
4888754579221,80,0.01,0.13,0.876,0.6562,4,17
4528115692513,80,0.01,0.13,0.876,0.6562,4,18
4082124336797,80,0.01,0.13,0.876,0.6562,4,19
2021276190265,80,0.01,0.13,0.876,0.6562,4,2
4942985198312,80,0.01,0.13,0.876,0.6562,4,20
8089914883140,80,0.01,0.13,0.876,0.6562,4,21
1977345952856,80,0.01,0.13,0.876,0.6562,4,22
8193555392553,80,0.01,0.13,0.876,0.6562,4,23
4948875266866,80,0.01,0.13,0.876,0.6562,4,24
3738782506047,80,0.01,0.13,0.876,0.6562,4,25
4854004188096,80,0.01,0.13,0.876,0.6562,4,26
1882414114294,80,0.01,0.13,0.876,0.6562,4,27
4035444159895,80,0.01,0.13,0.876,0.6562,4,28
4874774409572,80,0.01,0.13,0.876,0.6562,4,29
4859836343264,80,0.01,0.13,0.876,0.6562,4,3
4819106068419,80,0.01,0.13,0.876,0.6562,4,30
4141424570019,80,0.01,0.13,0.876,0.6562,4,4
2962306521910,80,0.01,0.13,0.876,0.6562,4,5
4407475623529,80,0.01,0.13,0.876,0.6562,4,6
4565795980342,80,0.01,0.13,0.876,0.6562,4,7
4816783023525,80,0.01,0.13,0.876,0.6562,4,8
4146164588905,80,0.01,0.13,0.876,0.6562,4,9
3834413071227,80,0.01,0.13,0.876,0.7805,15,1
4970165468973,80,0.01,0.13,0.876,0.7805,15,10
3988793972007,80,0.01,0.13,0.876,0.7805,15,11
1937695735948,80,0.01,0.13,0.876,0.7805,15,12
3965043853876,80,0.01,0.13,0.876,0.7805,15,13
7970594277276,80,0.01,0.13,0.876,0.7805,15,14
3891243448100,80,0.01,0.13,0.876,0.7805,15,15
3696092259915,80,0.01,0.13,0.876,0.7805,15,16
1939675751008,80,0.01,0.13,0.876,0.7805,15,17
4042204180304,80,0.01,0.13,0.876,0.7805,15,18
8221055549365,80,0.01,0.13,0.876,0.7805,15,19
7942174124498,80,0.01,0.13,0.876,0.7805,15,2
3660162065095,80,0.01,0.13,0.876,0.7805,15,20
3904363533384,80,0.01,0.13,0.876,0.7805,15,21
7900363871317,80,0.01,0.13,0.876,0.7805,15,22
3729692463959,80,0.01,0.13,0.876,0.7805,15,23
7781782686545,80,0.01,0.13,0.876,0.7805,15,24
8187235357343,80,0.01,0.13,0.876,0.7805,15,25
1930125695158,80,0.01,0.13,0.876,0.7805,15,26
4837806209255,80,0.01,0.13,0.876,0.7805,15,27
2610026167962,80,0.01,0.13,0.876,0.7805,15,28
4373105486224,80,0.01,0.13,0.876,0.7805,15,29
7914283965247,80,0.01,0.13,0.876,0.7805,15,3
3935143700987,80,0.01,0.13,0.876,0.7805,15,30
1944775776175,80,0.01,0.13,0.876,0.7805,15,4
7952464174321,80,0.01,0.13,0.876,0.7805,15,5
7968634270272,80,0.01,0.13,0.876,0.7805,15,6
3961473834255,80,0.01,0.13,0.876,0.7805,15,7
4898464691401,80,0.01,0.13,0.876,0.7805,15,8
4771955736349,80,0.01,0.13,0.876,0.7805,15,9
4978505576451,80,0.01,0.13,0.876,0.7805,4,1
3988873972597,80,0.01,0.13,0.876,0.7805,4,10
4970125468018,80,0.01,0.13,0.876,0.7805,4,11
1986536002621,80,0.01,0.13,0.876,0.7805,4,12
8128495075664,80,0.01,0.13,0.876,0.7805,4,13
4187534743176,80,0.01,0.13,0.876,0.7805,4,14
2583565767925,80,0.01,0.13,0.876,0.7805,4,15
2594695919619,80,0.01,0.13,0.876,0.7805,4,16
3910893570093,80,0.01,0.13,0.876,0.7805,4,17
4205434817605,80,0.01,0.13,0.876,0.7805,4,18
7808212958429,80,0.01,0.13,0.876,0.7805,4,19
1912925269119,80,0.01,0.13,0.876,0.7805,4,2
2604356050433,80,0.01,0.13,0.876,0.7805,4,20
1933015710238,80,0.01,0.13,0.876,0.7805,4,21
4931545066270,80,0.01,0.13,0.876,0.7805,4,22
4847936273373,80,0.01,0.13,0.876,0.7805,4,23
4591076187058,80,0.01,0.13,0.876,0.7805,4,24
7923034029209,80,0.01,0.13,0.876,0.7805,4,25
3792662818875,80,0.01,0.13,0.876,0.7805,4,26
3748912556983,80,0.01,0.13,0.876,0.7805,4,27
3763692649158,80,0.01,0.13,0.876,0.7805,4,28
7824913114123,80,0.01,0.13,0.876,0.7805,4,29
4968615464874,80,0.01,0.13,0.876,0.7805,4,3
8148575171919,80,0.01,0.13,0.876,0.7805,4,30
7851713446664,80,0.01,0.13,0.876,0.7805,4,4
4325195289955,80,0.01,0.13,0.876,0.7805,4,5
8063284735822,80,0.01,0.13,0.876,0.7805,4,6
8139815127545,80,0.01,0.13,0.876,0.7805,4,7
4863704303357,80,0.01,0.13,0.876,0.7805,4,8
3913973589008,80,0.01,0.13,0.876,0.7805,4,9
3950013776379,80,0.05,0.13,0.876,0.5446,15,1
4777225762802,80,0.05,0.13,0.876,0.5446,15,10
3913953589005,80,0.05,0.13,0.876,0.5446,15,11
4360695426859,80,0.05,0.13,0.876,0.5446,15,12
3781572760847,80,0.05,0.13,0.876,0.5446,15,13
7722192173602,80,0.05,0.13,0.876,0.5446,15,14
4002704037763,80,0.05,0.13,0.876,0.5446,15,15
4050524208870,80,0.05,0.13,0.876,0.5446,15,16
4968605464873,80,0.05,0.13,0.876,0.5446,15,17
7728232240597,80,0.05,0.13,0.876,0.5446,15,18
8146285163042,80,0.05,0.13,0.876,0.5446,15,19
7832253193700,80,0.05,0.13,0.876,0.5446,15,2
4075544312762,80,0.05,0.13,0.876,0.5446,15,20
3983573944193,80,0.05,0.13,0.876,0.5446,15,21
3788492797022,80,0.05,0.13,0.876,0.5446,15,22
8022574546684,80,0.05,0.13,0.876,0.5446,15,23
8004734460036,80,0.05,0.13,0.876,0.5446,15,24
4777195762728,80,0.05,0.13,0.876,0.5446,15,25
8133535095947,80,0.05,0.13,0.876,0.5446,15,26
4922884964935,80,0.05,0.13,0.876,0.5446,15,27
8117835029121,80,0.05,0.13,0.876,0.5446,15,28
1910185222953,80,0.05,0.13,0.876,0.5446,15,29
3910943570105,80,0.05,0.13,0.876,0.5446,15,3
3819032979830,80,0.05,0.13,0.876,0.5446,15,30
1914915367272,80,0.05,0.13,0.876,0.5446,15,4
3869103295610,80,0.05,0.13,0.876,0.5446,15,5
3680212177770,80,0.05,0.13,0.876,0.5446,15,6
3811762930926,80,0.05,0.13,0.876,0.5446,15,7
4815156040412,80,0.05,0.13,0.876,0.5446,15,8
4966515441085,80,0.05,0.13,0.876,0.5446,15,9
4300835190931,80,0.05,0.13,0.876,0.5446,4,1
3913683587653,80,0.05,0.13,0.876,0.5446,4,10
4776855761297,80,0.05,0.13,0.876,0.5446,4,11
3980783928367,80,0.05,0.13,0.876,0.5446,4,12
2955106114112,80,0.05,0.13,0.876,0.5446,4,13
2599125986743,80,0.05,0.13,0.876,0.5446,4,14
4344345362724,80,0.05,0.13,0.876,0.5446,4,15
8075844810188,80,0.05,0.13,0.876,0.5446,4,16
7915263970444,80,0.05,0.13,0.876,0.5446,4,17
4800025934818,80,0.05,0.13,0.876,0.5446,4,18
7876043695476,80,0.05,0.13,0.876,0.5446,4,19
4791295880422,80,0.05,0.13,0.876,0.5446,4,2
8056544703431,80,0.05,0.13,0.876,0.5446,4,20
4358365414418,80,0.05,0.13,0.876,0.5446,4,21
4762035657394,80,0.05,0.13,0.876,0.5446,4,22
8095644913228,80,0.05,0.13,0.876,0.5446,4,23
8122995051109,80,0.05,0.13,0.876,0.5446,4,24
3888933431973,80,0.05,0.13,0.876,0.5446,4,25
7902423887728,80,0.05,0.13,0.876,0.5446,4,26
8013304497673,80,0.05,0.13,0.876,0.5446,4,27
4876154427605,80,0.05,0.13,0.876,0.5446,4,28
3926083656145,80,0.05,0.13,0.876,0.5446,4,29
4535835747224,80,0.05,0.13,0.876,0.5446,4,3
8223925557822,80,0.05,0.13,0.876,0.5446,4,30
4002674037738,80,0.05,0.13,0.876,0.5446,4,4
1967945901818,80,0.05,0.13,0.876,0.5446,4,5
4415965983892,80,0.05,0.13,0.876,0.5446,4,6
4981965617739,80,0.05,0.13,0.876,0.5446,4,7
7708302048912,80,0.05,0.13,0.876,0.5446,4,8
7917013986866,80,0.05,0.13,0.876,0.5446,4,9
2020476187106,80,0.05,0.13,0.876,0.6562,15,1
7973674291304,80,0.05,0.13,0.876,0.6562,15,10
4194024766362,80,0.05,0.13,0.876,0.6562,15,11
7722252174732,80,0.05,0.13,0.876,0.6562,15,12
4228144908885,80,0.05,0.13,0.876,0.6562,15,13
8199965424526,80,0.05,0.13,0.876,0.6562,15,14
1975045940026,80,0.05,0.13,0.876,0.6562,15,15
4541245784486,80,0.05,0.13,0.876,0.6562,15,16
3687862216012,80,0.05,0.13,0.876,0.6562,15,17
4344775364695,80,0.05,0.13,0.876,0.6562,15,18
7781812686693,80,0.05,0.13,0.876,0.6562,15,19
4170444686739,80,0.05,0.13,0.876,0.6562,15,2
4790305872950,80,0.05,0.13,0.876,0.6562,15,20
4568416000322,80,0.05,0.13,0.876,0.6562,15,21
4919244923872,80,0.05,0.13,0.876,0.6562,15,22
1924575663708,80,0.05,0.13,0.876,0.6562,15,23
4978475576427,80,0.05,0.13,0.876,0.6562,15,24
4854744189915,80,0.05,0.13,0.876,0.6562,15,25
3741812521430,80,0.05,0.13,0.876,0.6562,15,26
3836693081871,80,0.05,0.13,0.876,0.6562,15,27
4816152993749,80,0.05,0.13,0.876,0.6562,15,28
3743992532313,80,0.05,0.13,0.876,0.6562,15,29
8070484782075,80,0.05,0.13,0.876,0.6562,15,3
1904975013651,80,0.05,0.13,0.876,0.6562,15,30
4797272246823,80,0.05,0.13,0.876,0.6562,15,4
4179164717415,80,0.05,0.13,0.876,0.6562,15,5
8199555424406,80,0.05,0.13,0.876,0.6562,15,6
8094474902399,80,0.05,0.13,0.876,0.6562,15,7
4031794146646,80,0.05,0.13,0.876,0.6562,15,8
3684022198525,80,0.05,0.13,0.876,0.6562,15,9
7782142687959,80,0.05,0.13,0.876,0.6562,4,1
4194034766361,80,0.05,0.13,0.876,0.6562,4,10
7973644291288,80,0.05,0.13,0.876,0.6562,4,11
4808565982917,80,0.05,0.13,0.876,0.6562,4,12
4885884542631,80,0.05,0.13,0.876,0.6562,4,13
3980213925414,80,0.05,0.13,0.876,0.6562,4,14
3692932243709,80,0.05,0.13,0.876,0.6562,4,15
7848133399499,80,0.05,0.13,0.876,0.6562,4,16
2599956003387,80,0.05,0.13,0.876,0.6562,4,17
4003154039358,80,0.05,0.13,0.876,0.6562,4,18
4828896151491,80,0.05,0.13,0.876,0.6562,4,19
4865704327469,80,0.05,0.13,0.876,0.6562,4,2
3858183217630,80,0.05,0.13,0.876,0.6562,4,20
7720272160222,80,0.05,0.13,0.876,0.6562,4,21
8019444535226,80,0.05,0.13,0.876,0.6562,4,22
7788602750439,80,0.05,0.13,0.876,0.6562,4,23
7819393068694,80,0.05,0.13,0.876,0.6562,4,24
4207174825322,80,0.05,0.13,0.876,0.6562,4,25
2866276303626,80,0.05,0.13,0.876,0.6562,4,26
4971625494681,80,0.05,0.13,0.876,0.6562,4,27
4384735536991,80,0.05,0.13,0.876,0.6562,4,28
4840796227199,80,0.05,0.13,0.876,0.6562,4,29
7975894301819,80,0.05,0.13,0.876,0.6562,4,3
4107494436944,80,0.05,0.13,0.876,0.6562,4,30
2595455943587,80,0.05,0.13,0.876,0.6562,4,4
4081854335851,80,0.05,0.13,0.876,0.6562,4,5
3978753921003,80,0.05,0.13,0.876,0.6562,4,6
8035954612836,80,0.05,0.13,0.876,0.6562,4,7
8166825265172,80,0.05,0.13,0.876,0.6562,4,8
2600976019578,80,0.05,0.13,0.876,0.6562,4,9
1912955269755,80,0.05,0.13,0.876,0.7805,15,1
3803732879953,80,0.05,0.13,0.876,0.7805,15,10
4400295595596,80,0.05,0.13,0.876,0.7805,15,11
3962233837350,80,0.05,0.13,0.876,0.7805,15,12
4782065797583,80,0.05,0.13,0.876,0.7805,15,13
4614356373502,80,0.05,0.13,0.876,0.7805,15,14
4278255100731,80,0.05,0.13,0.876,0.7805,15,15
4237044943556,80,0.05,0.13,0.876,0.7805,15,16
3954303798354,80,0.05,0.13,0.876,0.7805,15,17
4853056300940,80,0.05,0.13,0.876,0.7805,15,18
4041524179573,80,0.05,0.13,0.876,0.7805,15,19
4394725574961,80,0.05,0.13,0.876,0.7805,15,2
4258535032813,80,0.05,0.13,0.876,0.7805,15,20
4938265146996,80,0.05,0.13,0.876,0.7805,15,21
1950615807699,80,0.05,0.13,0.876,0.7805,15,22
4215334853377,80,0.05,0.13,0.876,0.7805,15,23
4170694687723,80,0.05,0.13,0.876,0.7805,15,24
3792792818911,80,0.05,0.13,0.876,0.7805,15,25
4003244040584,80,0.05,0.13,0.876,0.7805,15,26
7993744391907,80,0.05,0.13,0.876,0.7805,15,27
4086764353524,80,0.05,0.13,0.876,0.7805,15,28
4019554100002,80,0.05,0.13,0.876,0.7805,15,29
4402885605292,80,0.05,0.13,0.876,0.7805,15,3
4555895902333,80,0.05,0.13,0.876,0.7805,15,30
7904313899125,80,0.05,0.13,0.876,0.7805,15,4
8221025548759,80,0.05,0.13,0.876,0.7805,15,5
2054826366731,80,0.05,0.13,0.876,0.7805,15,6
4772315736895,80,0.05,0.13,0.876,0.7805,15,7
3779092741532,80,0.05,0.13,0.876,0.7805,15,8
3951573785454,80,0.05,0.13,0.876,0.7805,15,9
4023924119919,80,0.05,0.13,0.876,0.7805,4,1
4979465596367,80,0.05,0.13,0.876,0.7805,4,10
3803992880919,80,0.05,0.13,0.876,0.7805,4,11
8140535130618,80,0.05,0.13,0.876,0.7805,4,12
7855813495328,80,0.05,0.13,0.876,0.7805,4,13
3716482380973,80,0.05,0.13,0.876,0.7805,4,14
3974703898324,80,0.05,0.13,0.876,0.7805,4,15
4136554551939,80,0.05,0.13,0.876,0.7805,4,16
8135565106250,80,0.05,0.13,0.876,0.7805,4,17
3741612520215,80,0.05,0.13,0.876,0.7805,4,18
8172805295698,80,0.05,0.13,0.876,0.7805,4,19
3833073065342,80,0.05,0.13,0.876,0.7805,4,2
4116444473433,80,0.05,0.13,0.876,0.7805,4,20
7893583825294,80,0.05,0.13,0.876,0.7805,4,21
3893993463675,80,0.05,0.13,0.876,0.7805,4,22
7959834215590,80,0.05,0.13,0.876,0.7805,4,23
4080504332047,80,0.05,0.13,0.876,0.7805,4,24
2859825697975,80,0.05,0.13,0.876,0.7805,4,25
4345595368174,80,0.05,0.13,0.876,0.7805,4,26
4165404665422,80,0.05,0.13,0.876,0.7805,4,27
4175754707627,80,0.05,0.13,0.876,0.7805,4,28
4339635345252,80,0.05,0.13,0.876,0.7805,4,29
4813712893224,80,0.05,0.13,0.876,0.7805,4,3
3868333288390,80,0.05,0.13,0.876,0.7805,4,30
4278225100558,80,0.05,0.13,0.876,0.7805,4,4
7808342959501,80,0.05,0.13,0.876,0.7805,4,5
3716562380998,80,0.05,0.13,0.876,0.7805,4,6
7859263530528,80,0.05,0.13,0.876,0.7805,4,7
4834286185236,80,0.05,0.13,0.876,0.7805,4,8
4282965122565,80,0.05,0.13,0.876,0.7805,4,9
7865393602341,80,0.25,0.13,0.876,0.5446,15,1
8152925193466,80,0.25,0.13,0.876,0.5446,15,10
3942943743228,80,0.25,0.13,0.876,0.5446,15,11
4391925562624,80,0.25,0.13,0.876,0.5446,15,12
4846014086305,80,0.25,0.13,0.876,0.5446,15,13
4108034439806,80,0.25,0.13,0.876,0.5446,15,14
7823363098035,80,0.25,0.13,0.876,0.5446,15,15
7768612570806,80,0.25,0.13,0.876,0.5446,15,16
8231345593310,80,0.25,0.13,0.876,0.5446,15,17
8011324490538,80,0.25,0.13,0.876,0.5446,15,18
4772435737431,80,0.25,0.13,0.876,0.5446,15,19
3952353790057,80,0.25,0.13,0.876,0.5446,15,2
3708262336128,80,0.25,0.13,0.876,0.5446,15,20
3824183013016,80,0.25,0.13,0.876,0.5446,15,21
7936704093359,80,0.25,0.13,0.876,0.5446,15,22
7701661997776,80,0.25,0.13,0.876,0.5446,15,23
3684982203398,80,0.25,0.13,0.876,0.5446,15,24
8158625219734,80,0.25,0.13,0.876,0.5446,15,25
1959765855094,80,0.25,0.13,0.876,0.5446,15,26
4797915919840,80,0.25,0.13,0.876,0.5446,15,27
4566965988395,80,0.25,0.13,0.876,0.5446,15,28
1941655759733,80,0.25,0.13,0.876,0.5446,15,29
7883203744392,80,0.25,0.13,0.876,0.5446,15,3
3980023923918,80,0.25,0.13,0.876,0.5446,15,30
4370135471775,80,0.25,0.13,0.876,0.5446,15,4
3961373833286,80,0.25,0.13,0.876,0.5446,15,5
4108674442323,80,0.25,0.13,0.876,0.5446,15,6
7952434174302,80,0.25,0.13,0.876,0.5446,15,7
8088764881340,80,0.25,0.13,0.876,0.5446,15,8
8227755579325,80,0.25,0.13,0.876,0.5446,15,9
4773735740259,80,0.25,0.13,0.876,0.5446,4,1
3941923740455,80,0.25,0.13,0.876,0.5446,4,10
8152315192612,80,0.25,0.13,0.876,0.5446,4,11
3820982990712,80,0.25,0.13,0.876,0.5446,4,12
8180125328636,80,0.25,0.13,0.876,0.5446,4,13
1905005014453,80,0.25,0.13,0.876,0.5446,4,14
4370075470940,80,0.25,0.13,0.876,0.5446,4,15
4838596211964,80,0.25,0.13,0.876,0.5446,4,16
7816973047854,80,0.25,0.13,0.876,0.5446,4,17
8106894975902,80,0.25,0.13,0.876,0.5446,4,18
3903013524206,80,0.25,0.13,0.876,0.5446,4,19
8138675125857,80,0.25,0.13,0.876,0.5446,4,2
4610136344631,80,0.25,0.13,0.876,0.5446,4,20
4975625545057,80,0.25,0.13,0.876,0.5446,4,21
4331265312965,80,0.25,0.13,0.876,0.5446,4,22
4579306094539,80,0.25,0.13,0.876,0.5446,4,23
4571136021863,80,0.25,0.13,0.876,0.5446,4,24
7871453661539,80,0.25,0.13,0.876,0.5446,4,25
3878993363870,80,0.25,0.13,0.876,0.5446,4,26
4798142266544,80,0.25,0.13,0.876,0.5446,4,27
3674442145989,80,0.25,0.13,0.876,0.5446,4,28
7849793423902,80,0.25,0.13,0.876,0.5446,4,29
8152945193472,80,0.25,0.13,0.876,0.5446,4,3
8200135424675,80,0.25,0.13,0.876,0.5446,4,30
4818643095599,80,0.25,0.13,0.876,0.5446,4,4
8139795127544,80,0.25,0.13,0.876,0.5446,4,5
4252025010164,80,0.25,0.13,0.876,0.5446,4,6
4325375291476,80,0.25,0.13,0.876,0.5446,4,7
8030564586365,80,0.25,0.13,0.876,0.5446,4,8
3834423071225,80,0.25,0.13,0.876,0.5446,4,9
4198784788704,80,0.25,0.13,0.876,0.6562,15,1
3779102741532,80,0.25,0.13,0.876,0.6562,15,10
2020856187972,80,0.25,0.13,0.876,0.6562,15,11
4107224436689,80,0.25,0.13,0.876,0.6562,15,12
2001866085015,80,0.25,0.13,0.876,0.6562,15,13
8223865557764,80,0.25,0.13,0.876,0.6562,15,14
4245184978525,80,0.25,0.13,0.876,0.6562,15,15
8158655219876,80,0.25,0.13,0.876,0.6562,15,16
4879304471287,80,0.25,0.13,0.876,0.6562,15,17
4370665473973,80,0.25,0.13,0.876,0.6562,15,18
4064524268454,80,0.25,0.13,0.876,0.6562,15,19
4857076325679,80,0.25,0.13,0.876,0.6562,15,2
4934325113718,80,0.25,0.13,0.876,0.6562,15,20
4254965022052,80,0.25,0.13,0.876,0.6562,15,21
4580626101380,80,0.25,0.13,0.876,0.6562,15,22
4334155323663,80,0.25,0.13,0.876,0.6562,15,23
8202785439265,80,0.25,0.13,0.876,0.6562,15,24
7761892526000,80,0.25,0.13,0.876,0.6562,15,25
4101034405595,80,0.25,0.13,0.876,0.6562,15,26
3998834019692,80,0.25,0.13,0.876,0.6562,15,27
7911163950416,80,0.25,0.13,0.876,0.6562,15,28
7956314195231,80,0.25,0.13,0.876,0.6562,15,29
2019616183378,80,0.25,0.13,0.876,0.6562,15,3
2598865984465,80,0.25,0.13,0.876,0.6562,15,30
4880844491435,80,0.25,0.13,0.876,0.6562,15,4
4864916379363,80,0.25,0.13,0.876,0.6562,15,5
8223835557759,80,0.25,0.13,0.876,0.6562,15,6
4819296069593,80,0.25,0.13,0.876,0.6562,15,7
7800752883801,80,0.25,0.13,0.876,0.6562,15,8
4112784458162,80,0.25,0.13,0.876,0.6562,15,9
4861104283230,80,0.25,0.13,0.876,0.6562,4,1
2019556182092,80,0.25,0.13,0.876,0.6562,4,10
3778552739593,80,0.25,0.13,0.876,0.6562,4,11
7812122999317,80,0.25,0.13,0.876,0.6562,4,12
3646271986594,80,0.25,0.13,0.876,0.6562,4,13
3819072979847,80,0.25,0.13,0.876,0.6562,4,14
8011294490530,80,0.25,0.13,0.876,0.6562,4,15
3917973612307,80,0.25,0.13,0.876,0.6562,4,16
4258085031943,80,0.25,0.13,0.876,0.6562,4,17
3839123099001,80,0.25,0.13,0.876,0.6562,4,18
4184914735082,80,0.25,0.13,0.876,0.6562,4,19
3712162356918,80,0.25,0.13,0.876,0.6562,4,2
7890613809058,80,0.25,0.13,0.876,0.6562,4,20
7999894421163,80,0.25,0.13,0.876,0.6562,4,21
3643461972186,80,0.25,0.13,0.876,0.6562,4,22
7933664080637,80,0.25,0.13,0.876,0.6562,4,23
3991143984661,80,0.25,0.13,0.876,0.6562,4,24
2026866214544,80,0.25,0.13,0.876,0.6562,4,25
4161634653202,80,0.25,0.13,0.876,0.6562,4,26
4958045381403,80,0.25,0.13,0.876,0.6562,4,27
4964025417552,80,0.25,0.13,0.876,0.6562,4,28
8081294831339,80,0.25,0.13,0.876,0.6562,4,29
7786732738288,80,0.25,0.13,0.876,0.6562,4,3
7722222173843,80,0.25,0.13,0.876,0.6562,4,30
4245144978514,80,0.25,0.13,0.876,0.6562,4,4
7745802399119,80,0.25,0.13,0.876,0.6562,4,5
7809922975026,80,0.25,0.13,0.876,0.6562,4,6
7713742088243,80,0.25,0.13,0.876,0.6562,4,7
4979475596368,80,0.25,0.13,0.876,0.6562,4,8
8122875050142,80,0.25,0.13,0.876,0.6562,4,9
4405305611316,80,0.25,0.13,0.876,0.7805,15,1
7946834143947,80,0.25,0.13,0.876,0.7805,15,10
8166125263525,80,0.25,0.13,0.876,0.7805,15,11
4914094874292,80,0.25,0.13,0.876,0.7805,15,12
4311185233786,80,0.25,0.13,0.876,0.7805,15,13
4901384729972,80,0.25,0.13,0.876,0.7805,15,14
1960065857534,80,0.25,0.13,0.876,0.7805,15,15
4582716121449,80,0.25,0.13,0.876,0.7805,15,16
3857083208187,80,0.25,0.13,0.876,0.7805,15,17
4161604653178,80,0.25,0.13,0.876,0.7805,15,18
7805962936789,80,0.25,0.13,0.876,0.7805,15,19
4965365439014,80,0.25,0.13,0.876,0.7805,15,2
4811016006791,80,0.25,0.13,0.876,0.7805,15,20
1970295912416,80,0.25,0.13,0.876,0.7805,15,21
8162635240995,80,0.25,0.13,0.876,0.7805,15,22
4420666255079,80,0.25,0.13,0.876,0.7805,15,23
4856846324747,80,0.25,0.13,0.876,0.7805,15,24
7936774093858,80,0.25,0.13,0.876,0.7805,15,25
7823833100184,80,0.25,0.13,0.876,0.7805,15,26
7757472494580,80,0.25,0.13,0.876,0.7805,15,27
4802502420147,80,0.25,0.13,0.876,0.7805,15,28
7795552829271,80,0.25,0.13,0.876,0.7805,15,29
8166095263519,80,0.25,0.13,0.876,0.7805,15,3
4285475131495,80,0.25,0.13,0.876,0.7805,15,30
3881483379611,80,0.25,0.13,0.876,0.7805,15,4
8202105434228,80,0.25,0.13,0.876,0.7805,15,5
4180504722559,80,0.25,0.13,0.876,0.7805,15,6
4293615165480,80,0.25,0.13,0.876,0.7805,15,7
7973914292342,80,0.25,0.13,0.876,0.7805,15,8
3852853178884,80,0.25,0.13,0.876,0.7805,15,9
7799322867135,80,0.25,0.13,0.876,0.7805,4,1
8166445263653,80,0.25,0.13,0.876,0.7805,4,10
4030834144781,80,0.25,0.13,0.876,0.7805,4,11
4415355894158,80,0.25,0.13,0.876,0.7805,4,12
3931073679696,80,0.25,0.13,0.876,0.7805,4,13
4083424341327,80,0.25,0.13,0.876,0.7805,4,14
3881463379605,80,0.25,0.13,0.876,0.7805,4,15
3650302006137,80,0.25,0.13,0.876,0.7805,4,16
4414575864002,80,0.25,0.13,0.876,0.7805,4,17
4100944404927,80,0.25,0.13,0.876,0.7805,4,18
4407135621973,80,0.25,0.13,0.876,0.7805,4,19
3991003983099,80,0.25,0.13,0.876,0.7805,4,2
3688542219234,80,0.25,0.13,0.876,0.7805,4,20
3863893251170,80,0.25,0.13,0.876,0.7805,4,21
7871463661540,80,0.25,0.13,0.876,0.7805,4,22
3753582584574,80,0.25,0.13,0.876,0.7805,4,23
3713022359272,80,0.25,0.13,0.876,0.7805,4,24
8182895340810,80,0.25,0.13,0.876,0.7805,4,25
4371505477034,80,0.25,0.13,0.876,0.7805,4,26
2620156319533,80,0.25,0.13,0.876,0.7805,4,27
2054406363812,80,0.25,0.13,0.876,0.7805,4,28
4530195708552,80,0.25,0.13,0.876,0.7805,4,29
7946394141977,80,0.25,0.13,0.876,0.7805,4,3
7896223842788,80,0.25,0.13,0.876,0.7805,4,30
1959915856334,80,0.25,0.13,0.876,0.7805,4,4
4842033934540,80,0.25,0.13,0.876,0.7805,4,5
7982834340662,80,0.25,0.13,0.876,0.7805,4,6
3935043700168,80,0.25,0.13,0.876,0.7805,4,7
8068864769040,80,0.25,0.13,0.876,0.7805,4,8
4790795878201,80,0.25,0.13,0.876,0.7805,4,9
