"catalognumber","decimallatitude","decimallongitude","roundlat","roundlon"
"MSB:Mamm:128006",40.74238,-108.067901,40.74238,-108.0679
"UMZM:Mamm:20235",46.46856,-109.93462,46.46856,-109.93462
"40063355",50.9700093,-114.086095,50.97001,-114.0861
"39982574",46.8587289378,-96.8614737132,46.85873,-96.86147
"40134868",49.7383861981,-112.8456181728,49.73839,-112.84562
"40208246",53.52663,-113.52169667,53.52663,-113.5217
"39942701",49.9883299987,-97.2078731802,49.98833,-97.20787
"39826236",51.12420283,-114.21308833,51.1242,-114.21309
"39822680",51.0406883618,-114.0159672188,51.04069,-114.01597
"39497727",46.8933677813,-96.877911212,46.89337,-96.87791
"39233160",53.5092895832,-113.4722982694,53.50929,-113.4723
"39498047",46.8937089248,-96.8764477317,46.89371,-96.87645
"39496934",46.8934448949,-96.8794893567,46.89344,-96.87949
"39263227",51.04730283,-114.04940833,51.0473,-114.04941
"38740255",50.4286369117,-104.6148120008,50.42864,-104.61481
"39268314",44.9677160894,-110.707951942,44.96772,-110.70795
"39294801",52.1371233101,-106.6304077476,52.13712,-106.63041
"38404872",50.9075113527,-114.0780552322,50.90751,-114.07806
"39132225",51.2677528751,-114.0178500116,51.26775,-114.01785
"38940379",51.4720237525,-114.0536868892,51.47202,-114.05369
"39120145",53.5446144205,-113.5118778967,53.54461,-113.51188
"38209132",52.2348153864,-113.7884730437,52.23482,-113.78847
"38169683",51.0775756836,-114.1247253418,51.07758,-114.12473
"38919012",51.2962989807,-114.0267333984,51.2963,-114.02673
"38404680",50.9075221469,-114.0778544005,50.90752,-114.07785
"38942885",52.2349738366,-113.7885445656,52.23497,-113.78854
"12753339",49.588832044,-108.8258886337,49.58883,-108.82589
"DMNS:Mamm:20378",39.8653569,-104.6621935,39.86536,-104.66219
"DMNS:Mamm:20358",39.8513285,-104.6624361,39.85133,-104.66244
"DMNS:Mamm:20361",39.8598,-104.696641,39.8598,-104.69664
"DMNS:Mamm:20356",39.840665,-104.695694,39.84066,-104.69569
"DMNS:Mamm:20357",39.877692,-104.696237,39.87769,-104.69624
"DMNS:Mamm:20354",39.88948,-104.696309,39.88948,-104.69631
"DMNS:Mamm:20374",39.88012,-104.684791,39.88012,-104.68479
"DMNS:Mamm:20359",39.85833,-104.66694,39.85833,-104.66694
"DMNS:Mamm:20355",39.877475,-104.65241,39.87747,-104.65241
"DMNS:Mamm:20360",39.877424,-104.649537,39.87742,-104.64954
"37931269",51.0777222781,-114.1249355301,51.07772,-114.12494
"37839046",52.0817528333,-106.64257,52.08175,-106.64257
"37767628",50.921146547,-114.0626705638,50.92115,-114.06267
"37724653",49.7359397,-112.8179047,49.73594,-112.8179
"36730625",43.6628258031,-97.7875770188,43.66283,-97.78758
"35732985",48.94265,-108.42455,48.94265,-108.42455
"34625907",46.8084718746,-104.2810539713,46.80847,-104.28105
"37432950",49.7383577705,-112.8447936529,49.73836,-112.84479
"37260207",37.8483713776,-119.2327395135,37.84837,-119.23274
"37305319",49.7393363757,-112.853700768,49.73934,-112.8537
"37036744",51.0447331,-114.0718831,51.04473,-114.07188
"36868733",51.0497326931,-114.0776909009,51.04973,-114.07769
"27809203",48.2529716667,-103.0166083333,48.25297,-103.01661
"36440032",51.1583945,-114.08083333,51.15839,-114.08083
"36396652",49.1510694711,-107.5103418015,49.15107,-107.51034
"28204449",47.35973,-101.3863966667,47.35973,-101.3864
"18590917",53.5332555182,-113.4554868498,53.53326,-113.45549
"36197248",51.0504638889,-114.0649638889,51.05046,-114.06496
"36101741",50.1704746248,-97.1293516211,50.17047,-97.12935
"35863227",41.1771147978,-105.7214810607,41.17711,-105.72148
"35981684",46.8536418974,-100.7638563631,46.85364,-100.76386
"35965415",46.8285466667,-100.7359616667,46.82855,-100.73596
"36209322",50.9050556084,-114.0781949293,50.90506,-114.07819
"35844451",51.0519833333,-114.1060638333,51.05198,-114.10606
"35562921",51.0111816,-114.0486604,51.01118,-114.04866
"35539528",38.35278,-119.64008,38.35278,-119.64008
"35539710",38.38447,-119.6757,38.38447,-119.6757
"35497511",38.29649,-119.63678,38.29649,-119.63678
"35497892",38.35529,-119.64711,38.35529,-119.64711
"35468952",38.32901,-119.64626,38.32901,-119.64626
"35468280",38.35453,-119.64772,38.35453,-119.64772
"35468526",38.30504,-119.65759,38.30504,-119.65759
"35468856",38.29782,-119.63419,38.29782,-119.63419
"35469239",38.29765,-119.63917,38.29765,-119.63917
"35469313",38.40741,-119.6808,38.40741,-119.6808
"35455218",38.3340214187,-119.650852159,38.33402,-119.65085
"35455033",38.57098,-119.83639,38.57098,-119.83639
"35414999",38.47247,-119.76637,38.47247,-119.76637
"35415101",38.47287,-119.76129,38.47287,-119.76129
"35415245",38.47371,-119.74394,38.47371,-119.74394
"35416058",38.35912,-119.64825,38.35912,-119.64825
"35373776",38.35082,-119.63952,38.35082,-119.63952
"35333392",38.3454840435,-119.666280548,38.34548,-119.66628
"35330781",38.4759706583,-119.7670414707,38.47597,-119.76704
"35331834",38.3827759857,-119.6647101787,38.38278,-119.66471
"35330654",38.5404585597,-119.8139942517,38.54046,-119.81399
"35330484",38.3351894427,-119.928218204,38.33519,-119.92822
"35332886",38.4994617155,-119.7960987465,38.49946,-119.7961
"35331066",53.5191650391,-113.4808349609,53.51917,-113.48083
"35332466",38.4761091459,-119.7666784689,38.47611,-119.76668
"35216327",45.462932318,-99.3796346337,45.46293,-99.37963
"29734960",46.3730383333,-119.561585,46.37304,-119.56158
"29267945",43.7855477311,-97.0425644551,43.78555,-97.04256
"35071880",55.0620816084,-114.0986047967,55.06208,-114.0986
"34580914",52.1275697433,-106.7338146584,52.12757,-106.73381
"34648251",53.5141061798,-113.4111571963,53.51411,-113.41116
"34552000",53.543258,-113.510484,53.54326,-113.51048
"34568217",53.53915833,-113.51145833,53.53916,-113.51146
"34478280",53.5239216667,-113.519805,53.52392,-113.5198
"34480522",38.3215731597,-119.6108259584,38.32157,-119.61083
"34150300",53.0138352214,-112.8227911144,53.01384,-112.82279
"33917140",53.5207367383,-113.6041161241,53.52074,-113.60412
"33678054",50.9469333333,-114.0878,50.94693,-114.0878
"33653996",53.545344,-113.510918,53.54534,-113.51092
"33654515",53.545462,-113.5128389722,53.54546,-113.51284
"33653874",53.54455675,-113.5102170278,53.54456,-113.51022
"33653938",53.5386519722,-113.5087199722,53.53865,-113.50872
"33506873",53.5267206146,-113.5195586085,53.52672,-113.51956
"MVZ:Mamm:79589",41.9493752,-120.3115805,41.94938,-120.31158
"MVZ:Mamm:105673",38.44484,-119.300287,38.44484,-119.30029
"MSB:Mamm:7619",43.4213,-95.225,43.4213,-95.225
"33448295",52.1251090103,-106.658826495,52.12511,-106.65883
"33414373",53.5361897427,-113.5115783842,53.53619,-113.51158
"33414051",53.5383043868,-113.5104015919,53.5383,-113.5104
"33406219",53.6355299537,-113.4623299537,53.63553,-113.46233
"33414052",53.5365250479,-113.5101591225,53.53653,-113.51016
"33150494",50.8746896338,-114.0374260929,50.87469,-114.03743
"33046855",50.50672319,-104.6628269994,50.50672,-104.66283
"32843874",37.2051416667,-118.5213383333,37.20514,-118.52134
"32803372",37.7904970565,-119.1893457105,37.7905,-119.18935
"32761842",53.0162092724,-112.8288618654,53.01621,-112.82886
"32718126",50.9634448815,-114.008397173,50.96344,-114.0084
"32528686",53.5461245,-113.4938229,53.54612,-113.49382
"32512569",53.5473509722,-113.515262,53.54735,-113.51526
"32513744",53.5425878,-113.5104579,53.54259,-113.51046
"32513679",53.5422184722,-113.5102363611,53.54222,-113.51024
"32512949",53.5474419722,-113.515624,53.54744,-113.51562
"32513142",53.545008,-113.5101889722,53.54501,-113.51019
"32087701",53.5518707507,-113.2074579097,53.55187,-113.20746
"31772938",51.052475,-114.0632555556,51.05248,-114.06326
"31772928",51.0566222222,-114.0758833333,51.05662,-114.07588
"31521727",53.4576355517,-113.5145489126,53.45764,-113.51455
"31453091",51.0847555,-114.0726305,51.08476,-114.07263
"31376369",50.957735,-114.0645969,50.95774,-114.0646
"29203352",50.400454687,-104.6413756907,50.40045,-104.64138
"31157577",50.9790283333,-114.0816333333,50.97903,-114.08163
"31098366",52.1058149464,-106.5822335596,52.10581,-106.58223
"30948268",51.1350157765,-114.2426722495,51.13502,-114.24267
"30878875",51.0207888333,-114.1011055,51.02079,-114.10111
"30785708",51.0558445,-114.067825,51.05584,-114.06782
"30402634",52.1091193936,-106.6552518229,52.10912,-106.65525
"30267871",51.1357296358,-114.2438037804,51.13573,-114.2438
"30214585",50.4092783333,-104.6613083333,50.40928,-104.66131
"29994195",51.0578528333,-114.0550778333,51.05785,-114.05508
"29955730",53.5142743404,-113.5402355808,53.51427,-113.54024
"29788171",53.4786505885,-111.9409048715,53.47865,-111.9409
"29749407",49.9041111111,-97.2218777778,49.90411,-97.22188
"29743699",37.5914033333,-118.8276883333,37.5914,-118.82769
"29655538",53.532556089,-113.2630703563,53.53256,-113.26307
"29587975",50.905255,-114.0525805,50.90525,-114.05258
"18764642",53.501857,-113.367962,53.50186,-113.36796
"29188195",51.0539388889,-114.0692527778,51.05394,-114.06925
"29095397",51.0427278333,-114.0332945,51.04273,-114.03329
"29095381",51.044075,-114.040275,51.04408,-114.04027
"29088514",51.1694321522,-114.3701158217,51.16943,-114.37012
"28598829",51.1478273,-114.0564139,51.14783,-114.05641
"28185019",42.5275780556,-103.6963113889,42.52758,-103.69631
"28181567",51.0125007629,-114.0449981689,51.0125,-114.045
"28081049",53.4581916667,-113.4972233333,53.45819,-113.49722
"28061281",53.4583366667,-113.4972616667,53.45834,-113.49726
"27993641",40.4538703,-106.1814128,40.45387,-106.18141
"27850853",53.33267,-113.51117,53.33267,-113.51117
"26673339",51.0198858286,-114.1914321492,51.01989,-114.19143
"27740299",51.0485805,-114.1336583333,51.04858,-114.13366
"27433545",49.0635853457,-107.3650903478,49.06359,-107.36509
"27005496",47.0205371429,-96.4351511694,47.02054,-96.43515
"23993793",50.9183842969,-113.9537211602,50.91838,-113.95372
"26560436",51.044775139,-114.0315457174,51.04478,-114.03155
"26219608",51.0174666667,-114.0872416667,51.01747,-114.08724
"26150010",53.6317234068,-113.4642425739,53.63172,-113.46424
"26110709",52.372448772,-108.847639988,52.37245,-108.84764
"26044005",51.1111195,-114.0757916667,51.11112,-114.07579
"25966352",52.1363910902,-106.6378769743,52.13639,-106.63788
"25647635",51.13273989,-114.21216929,51.13274,-114.21217
"25365908",42.5529430556,-103.7867263889,42.55294,-103.78673
"9092670",51.0778045654,-114.1282119751,51.0778,-114.12821
"9086823",51.0802810022,-114.1275608836,51.08028,-114.12756
"8949214",51.1189485247,-113.9379071394,51.11895,-113.93791
"25092216",50.9047429147,-114.0786195009,50.90474,-114.07862
"25022150",51.0486151,-114.0708459,51.04862,-114.07085
"24978913",52.4835174,-113.7252464,52.48352,-113.72525
"24874806",41.772955,-110.551431,41.77296,-110.55143
"24861720",52.4837905011,-113.725958513,52.48379,-113.72596
"24796245",51.0789666667,-114.1253138333,51.07897,-114.12531
"24654526",51.0744075559,-114.0883107856,51.07441,-114.08831
"24642557",51.0760354906,-114.0863977511,51.07604,-114.0864
"24413419",51.0692208693,-114.0895968379,51.06922,-114.0896
"24412742",51.01351945,-114.1002888333,51.01352,-114.10029
"24413418",51.0695984084,-114.0889960231,51.0696,-114.089
"24098525",51.1548851739,-114.0876564549,51.15489,-114.08766
"24087319",51.0899695,-114.0649028333,51.08997,-114.0649
"24069471",50.9609116667,-114.0880805,50.96091,-114.08808
"24073563",51.0630945,-114.0682445,51.06309,-114.06824
"24072813",50.9781033333,-114.0819333333,50.9781,-114.08193
"24066083",50.9574616667,-114.0907221667,50.95746,-114.09072
"24033733",50.8585218918,-114.0027299748,50.85852,-114.00273
"23997830",51.0343196921,-114.1951203385,51.03432,-114.19512
"23826844",51.0866211216,-114.1242539139,51.08662,-114.12425
"23815316",51.0753616244,-114.0872112898,51.07536,-114.08721
"23809460",51.0204308362,-114.2010425555,51.02043,-114.20104
"23782527",50.8886611881,-114.0104828217,50.88866,-114.01048
"23782482",50.8883158422,-114.0107519719,50.88832,-114.01075
"23775292",51.0749388333,-114.0826638333,51.07494,-114.08266
"23768341",53.615451,-113.396034,53.61545,-113.39603
"23758889",50.9071441929,-114.118399545,50.90714,-114.1184
"23730432",51.1418253977,-114.1401745006,51.14183,-114.14017
"23721633",51.0753611111,-114.087375,51.07536,-114.08737
"23704507",51.0349209,-114.04215,51.03492,-114.04215
"23639269",53.6098947404,-113.5190097615,53.60989,-113.51901
"23524365",51.0971824531,-114.1849800181,51.09718,-114.18498
"23500428",49.34305454,-108.4170332481,49.34305,-108.41703
"23373415",50.9371265351,-114.1337083724,50.93713,-114.13371
"23355628",51.0983362,-114.1322484,51.09834,-114.13225
"23316760",51.1375900498,-114.085460622,51.13759,-114.08546
"23290289",51.1547528243,-114.0866936307,51.15475,-114.08669
"23144273",51.0656249751,-113.9875990525,51.06562,-113.9876
"23135117",51.068462141,-114.0623699874,51.06846,-114.06237
"23087748",46.9001101763,-96.8128471558,46.90011,-96.81285
"23035782",51.294155,-114.0354,51.29416,-114.0354
"22920421",51.07088763,-114.06774908,51.07089,-114.06775
"22474379",50.954301,-114.037232,50.9543,-114.03723
"22461447",50.9110027778,-114.0470416667,50.911,-114.04704
"22464143",49.061377915,-107.3587795087,49.06138,-107.35878
"22388262",51.0823216243,-114.0667572432,51.08232,-114.06676
"22388328",51.0823895177,-114.0668811278,51.08239,-114.06688
"22349092",50.4201622675,-104.6342926331,50.42016,-104.63429
"22286426",40.0024778619,-107.8370742152,40.00248,-107.83707
"22220554",52.27622285,-113.83688246,52.27622,-113.83688
"22006451",51.0705945,-114.113175,51.07059,-114.11318
"21899665",50.97775,-114.0822,50.97775,-114.0822
"21854257",39.2267883333,-105.872545,39.22679,-105.87254
"21775368",53.5392999628,-113.5114407771,53.5393,-113.51144
"18171228",51.078425,-114.1324528333,51.07843,-114.13245
"21152000",51.1088490572,-114.0843410605,51.10885,-114.08434
"21106118",51.010109441,-114.1125378062,51.01011,-114.11254
"21041031",51.041232624,-114.1480700897,51.04123,-114.14807
"20540783",50.9810783333,-114.0200888333,50.98108,-114.02009
"9086818",51.1189415362,-113.937886476,51.11894,-113.93789
"7700799",41.858311,-110.765877,41.85831,-110.76588
"7326485",52.1234961702,-106.6622579097,52.1235,-106.66226
"20987970",53.4125981835,-113.4499662003,53.4126,-113.44997
"20954908",52.1312072835,-106.6339233223,52.13121,-106.63392
"20931453",51.0497055,-114.1674283333,51.04971,-114.16743
"19335063",41.433607,-111.033368,41.43361,-111.03337
"20608140",53.5256694444,-113.5213,53.52567,-113.5213
"20500567",51.1010553848,-114.1666164415,51.10106,-114.16662
"20308693",49.0858903,-111.6195612,49.08589,-111.61956
"20290699",53.5242879271,-113.5235260986,53.52429,-113.52353
"19699841",49.1521419864,-107.5157672344,49.15214,-107.51577
"19271184",50.600770658,-104.8526130941,50.60077,-104.85261
"8951369",51.0754195,-114.1342555,51.07542,-114.13426
"9092646",51.077922821,-114.1279602051,51.07792,-114.12796
"19335070",41.459343,-111.147238,41.45934,-111.14724
"9655419",50.4996719874,-104.6595339772,50.49967,-104.65953
"9118980",38.86721,-119.88968,38.86721,-119.88968
"9092989",37.8756494607,-119.3595457077,37.87565,-119.35955
"8896276",51.0794916667,-114.1254721667,51.07949,-114.12547
"8991286",51.0787658691,-114.1325302124,51.07877,-114.13253
"8858948",51.0576324463,-114.1212692261,51.05763,-114.12127
"8820211",51.0756378174,-114.1346359253,51.07564,-114.13464
"8905827",51.07755,-114.1327528333,51.07755,-114.13275
"8800949",51.1089873,-114.0587259,51.10899,-114.05873
"8800763",51.1156419,-114.0602889,51.11564,-114.06029
"8800001",51.0781599,-114.1358007,51.07816,-114.1358
"8799607",51.104755,-114.066652,51.10475,-114.06665
"8861753",51.10898636,-114.18530624,51.10899,-114.18531
"8400392",51.1519770837,-114.0930803587,51.15198,-114.09308
"8344172",52.2586858562,-113.7755127226,52.25869,-113.77551
"5940497",50.9118461021,-113.9997571707,50.91185,-113.99976
"4466601",52.27760173,-113.83973614,52.2776,-113.83974
"19161032",38.7224062767,-120.0271524197,38.72241,-120.02715
"19161030",39.3451050564,-119.9218491539,39.34511,-119.92185
"19161033",38.78174,-119.97736,38.78174,-119.97736
"19161031",38.71541,-119.9978,38.71541,-119.9978
"18908126",49.1237711,-107.4469847,49.12377,-107.44698
"18452998",51.079381479,-114.125655368,51.07938,-114.12566
"18321887",51.0181083333,-114.1046,51.01811,-114.1046
"18320150",51.0799518748,-114.1309383139,51.07995,-114.13094
"18320025",51.0797979023,-114.1309530661,51.0798,-114.13095
"18320017",51.0798242314,-114.1310301796,51.07982,-114.13103
"18320207",51.0758028642,-114.1268593445,51.0758,-114.12686
"18320065",51.0797930578,-114.1310093924,51.07979,-114.13101
"18320056",51.0798425565,-114.1310955584,51.07984,-114.1311
"18320044",51.0797816836,-114.1310194507,51.07978,-114.13102
"18286782",51.0795861667,-114.1306528333,51.07959,-114.13065
"18219076",51.0791554672,-114.1325784847,51.07916,-114.13258
"18116322",51.0905036926,-114.1296691895,51.0905,-114.12967
"17728125",43.031944,-107.003554,43.03194,-107.00355
"17539328",51.080375556,-114.1206232925,51.08038,-114.12062
"16921916",51.2781066895,-114.028465271,51.27811,-114.02847
"16981755",51.0812258,-114.1297774,51.08123,-114.12978
"16667969",53.520053035,-113.6034102531,53.52005,-113.60341
"16665784",51.086584,-114.139298,51.08658,-114.1393
"16660280",51.0794448853,-114.1238861084,51.07944,-114.12389
"15652644",51.0418138889,-114.0797277778,51.04181,-114.07973
"15652645",51.0418083333,-114.0796805556,51.04181,-114.07968
"12865202",51.3527015496,-105.2191543579,51.3527,-105.21915
"12838290",49.7919816667,-102.932015,49.79198,-102.93202
"12838407",49.8646683333,-102.99067,49.86467,-102.99067
"11439515",51.1336724184,-100.0695576666,51.13367,-100.06956
"9118978",39.15773,-119.88705,39.15773,-119.88705
"9118975",39.3473,-119.92174,39.3473,-119.92174
"19123814",51.0872002787,-114.080824666,51.0872,-114.08082
"18509039",51.0430561889,-114.0441089855,51.04306,-114.04411
"15111563",48.6546858482,-102.3870849609,48.65469,-102.38708
"12357622",40.0641948028,-105.5480712088,40.06419,-105.54807
"18861716",46.8538660949,-100.7645193223,46.85387,-100.76452
"18848869",52.133939359,-106.632415317,52.13394,-106.63242
"18687004",53.5194444444,-113.5222222222,53.51944,-113.52222
"16031714",52.0904554502,-106.6430394524,52.09046,-106.64304
"15736104",36.7770167549,-118.42020493,36.77702,-118.4202
"18381334",51.0212359904,-114.108656617,51.02124,-114.10866
"18344211",51.0463578,-114.0820768,51.04636,-114.08208
"18343797",51.103805,-113.97264,51.1038,-113.97264
"18300098",51.0799340511,-114.1298068563,51.07993,-114.12981
"18300109",51.079934051,-114.129683475,51.07993,-114.12968
"18300104",51.0799439513,-114.1299838829,51.07994,-114.12998
"18300106",51.0798851844,-114.1299785177,51.07989,-114.12998
"18292946",51.0797233582,-114.130279541,51.07972,-114.13028
"18292953",51.0783348083,-114.1322250366,51.07833,-114.13223
"18287949",51.0564611667,-114.16848,51.05646,-114.16848
"18220115",51.0802554722,-114.1254761944,51.08026,-114.12548
"18213416",51.0648639019,-114.1199195366,51.06486,-114.11992
"18215287",51.1357199243,-114.1944347395,51.13572,-114.19443
"18181337",51.101238,-114.135545,51.10124,-114.13554
"18150970",51.1254054638,-114.1394764557,51.12541,-114.13948
"18101382",51.1186597743,-114.2123168507,51.11866,-114.21232
"17938030",51.0799444,-114.1292353,51.07994,-114.12924
"17835573",51.0802960536,-114.132447727,51.0803,-114.13245
"17795943",51.0790732596,-114.1450864635,51.07907,-114.14509
"17375583",51.0771503672,-114.1321139597,51.07715,-114.13211
"16724571",51.0795097351,-114.1304702759,51.07951,-114.13047
"17937307",51.0774349701,-114.1254219895,51.07743,-114.12542
"17934279",50.173652,-97.138827,50.17365,-97.13883
"17931531",51.0847268,-114.1394795,51.08473,-114.13948
"17912197",51.134994637,-114.1949507776,51.13499,-114.19495
"17905622",40.7129819341,-104.1175743526,40.71298,-104.11757
"17891761",51.1464858064,-114.107805588,51.14649,-114.10781
"17889693",51.0214415147,-114.1088551005,51.02144,-114.10886
"17812582",51.054681862,-114.0749065185,51.05468,-114.07491
"17804680",51.0596447822,-114.1208441556,51.05964,-114.12084
"17796651",50.895586,-114.04444,50.89559,-114.04444
"17746513",51.1114614954,-114.1436549001,51.11146,-114.14365
"17712617",51.0617511716,-114.0652371719,51.06175,-114.06524
"17693028",51.0212189332,-114.1087038071,51.02122,-114.1087
"17658471",51.0212231242,-114.1087315512,51.02122,-114.10873
"17623225",51.1028067607,-114.0580331065,51.10281,-114.05803
"17332326",51.0744256062,-114.12427973,51.07443,-114.12428
"17220600",51.1353988066,-114.1952169408,51.1354,-114.19522
"17220330",51.0796603,-114.1276806,51.07966,-114.12768
"17639271",46.8377571954,-100.7698573941,46.83776,-100.76986
"17582684",51.0577781465,-114.1190340741,51.05778,-114.11903
"17581421",51.0748882345,-114.1315298779,51.07489,-114.13153
"17578688",51.0772094727,-114.1313858032,51.07721,-114.13139
"17547211",51.0610073837,-114.0674688088,51.06101,-114.06747
"17545821",52.1190708504,-106.6266561715,52.11907,-106.62666
"17436591",51.056371479,-114.1196877882,51.05637,-114.11969
"17405427",51.0678631608,-114.1188532859,51.06786,-114.11885
"17337264",51.022498083,-114.107093811,51.0225,-114.10709
"17332359",51.0523210966,-114.1214429587,51.05232,-114.12144
"17332253",51.0557843546,-114.1198785603,51.05578,-114.11988
"17281122",51.0794271435,-114.132150323,51.07943,-114.13215
"17281009",51.0780423349,-114.128451778,51.07804,-114.12845
"17280757",51.0809393454,-114.1309526363,51.08094,-114.13095
"17280166",51.0354500829,-114.1796289019,51.03545,-114.17963
"17279948",51.0797810846,-114.1321462788,51.07978,-114.13215
"17279674",51.0798083962,-114.1314535145,51.07981,-114.13145
"17247375",51.1357089725,-114.1948815667,51.13571,-114.19488
"17247065",51.0376339259,-114.0809229113,51.03763,-114.08092
"17227882",51.077181045,-114.1315619276,51.07718,-114.13156
"17212866",51.07615422,-114.1304262635,51.07615,-114.13043
"17204550",51.2930233229,-114.0353517607,51.29302,-114.03535
"17159749",51.0749955132,-114.1353493589,51.075,-114.13535
"17159309",51.0800914051,-114.1296504635,51.08009,-114.12965
"17116638",51.0756593184,-114.1343884376,51.07566,-114.13439
"17116620",51.075688635,-114.1343232685,51.07569,-114.13432
"17116412",51.0724121123,-114.1314359127,51.07241,-114.13144
"17085377",51.0786055,-114.1249471667,51.07861,-114.12495
"17079331",37.5286266988,-118.1942103387,37.52863,-118.19421
"17069267",51.0750158,-114.1343026,51.07502,-114.1343
"17045014",51.1559902433,-114.0399748849,51.15599,-114.03997
"17043565",51.0797233582,-114.1322250366,51.07972,-114.13223
"17034135",51.0233335764,-114.0089718715,51.02333,-114.00897
"17011667",51.0772388333,-114.1240778333,51.07724,-114.12408
"16983397",50.4329516667,-104.5900983333,50.43295,-104.5901
"16983317",51.0760186699,-114.1252814279,51.07602,-114.12528
"300692",37.744055,-105.525483,37.74406,-105.52548
"16956898",51.0789222717,-114.1308059692,51.07892,-114.13081
"16947350",51.0911238799,-114.1621301416,51.09112,-114.16213
"16946249",51.1715175866,-114.0985286092,51.17152,-114.09853
"16944840",51.1357240953,-114.1948556186,51.13572,-114.19486
"16929395",51.0764677031,-114.1305397545,51.07647,-114.13054
"16921855",51.122698263,-114.1375435889,51.1227,-114.13754
"16920056",51.0793247167,-114.130182853,51.07932,-114.13018
"16912021",51.076359409,-114.1341409554,51.07636,-114.13414
"16901022",51.0750378,-114.1342634,51.07504,-114.13426
"16888136",51.0801083333,-114.1304945,51.08011,-114.13049
"16886475",51.1254002032,-114.1384029016,51.1254,-114.1384
"16883703",51.0753175072,-114.1360112406,51.07532,-114.13601
"16883418",51.079980876,-114.1299736643,51.07998,-114.12997
"16879503",51.0783192656,-114.1323297099,51.07832,-114.13233
"16858534",51.0747402826,-114.1314956773,51.07474,-114.1315
"16784007",51.0766361667,-114.1280361667,51.07664,-114.12804
"16773088",51.0932032889,-114.1411807744,51.0932,-114.14118
"1543277",51.05011,-114.08529,51.05011,-114.08529
"14140822",37.5791696,-106.1480842,37.57917,-106.14808
"12179254",46.8389205933,-96.860496521,46.83892,-96.8605
"8845136",51.0812335546,-114.151400551,51.08123,-114.1514
"8811480",51.0861994391,-114.1357988119,51.0862,-114.1358
"16755916",51.0801231185,-114.1303395107,51.08012,-114.13034
"16751814",51.0763321259,-114.1296883208,51.07633,-114.12969
"16737668",51.1051715867,-114.1588332877,51.10517,-114.15883
"16737111",51.0852508545,-114.1404495239,51.08525,-114.14045
"16708294",51.0185305,-114.218605,51.01853,-114.2186
"16704968",51.0773855119,-114.130727202,51.07739,-114.13073
"16702973",51.0851777778,-114.1400222222,51.08518,-114.14002
"16692222",51.0836775997,-114.1397651285,51.08368,-114.13977
"16691963",51.0851251363,-114.1404990479,51.08513,-114.1405
"16692008",51.0853416667,-114.1403277778,51.08534,-114.14033
"16678866",51.1081251057,-114.0588434601,51.10813,-114.05884
"16645304",51.0748702707,-114.1317723535,51.07487,-114.13177
"16603734",51.1401778333,-114.1737966667,51.14018,-114.1738
"16551424",51.0746846,-114.1343054,51.07468,-114.13431
"16535025",51.1713460459,-114.1854876512,51.17135,-114.18549
"16525601",51.1337487048,-114.0930376947,51.13375,-114.09304
"16518245",51.0767909093,-114.131125901,51.07679,-114.13113
"16506007",51.0772102034,-114.1316615045,51.07721,-114.13166
"16471140",51.0737102605,-114.1311261447,51.07371,-114.13113
"16468589",51.0272973713,-114.1050169988,51.0273,-114.10502
"16459955",53.5207964505,-113.6042515503,53.5208,-113.60425
"16459570",53.5212646604,-113.6042421832,53.52126,-113.60424
"16439468",51.0733457136,-114.1313607348,51.07335,-114.13136
"15479161",52.1321372802,-106.6331899649,52.13214,-106.63319
"15405645",37.5270794787,-118.1980645718,37.52708,-118.19806
"15098573",53.5357713694,-113.4783689561,53.53577,-113.47837
"15098544",53.5805992836,-113.3728012993,53.5806,-113.3728
"15069759",49.166422915,-107.519325626,49.16642,-107.51933
"15064145",52.1367543865,-106.6331291199,52.13675,-106.63313
"14374012",52.126975008,-106.633935459,52.12698,-106.63394
"14431780",49.1177133333,-100.9446516667,49.11771,-100.94465
"14191431",41.1590488695,-111.0801203098,41.15905,-111.08012
"9882395",50.43865325,-104.61450125,50.43865,-104.6145
"13902043",45.201535,-112.1585116667,45.20154,-112.15851
"13850418",50.7260333333,-113.9652416667,50.72603,-113.96524
"12871571",40.6843596073,-104.3584871281,40.68436,-104.35849
"13220260",48.8468689538,-95.3383081168,48.84687,-95.33831
"12946782",40.6360160085,-111.3178096502,40.63602,-111.31781
"12691772",49.802696228,-97.1428375244,49.8027,-97.14284
"12232177",46.8402723134,-96.8609438847,46.84027,-96.86094
"12177834",46.8390666667,-96.8605633333,46.83907,-96.86056
"12165299",50.4749984741,-104.6433334351,50.475,-104.64333
"11879032",39.255,-103.272,39.255,-103.272
"9357068",44.977831541,-110.6995953619,44.97783,-110.6996
"11149574",46.8268194444,-100.7375638889,46.82682,-100.73756
"9236686",50.463725,-104.6091388889,50.46372,-104.60914
"9084181",51.1270916667,-113.9313966667,51.12709,-113.9314
"9084165",51.1270833333,-113.9308383333,51.12708,-113.93084
"9077684",51.0816682856,-114.1496366635,51.08167,-114.14964
"9024215",51.0784945,-114.1328138333,51.07849,-114.13281
"9024231",51.0783388333,-114.1328055,51.07834,-114.13281
"9021802",50.9528907729,-114.091679079,50.95289,-114.09168
"8932950",50.9861934879,-114.1041380167,50.98619,-114.10414
"9720783",50.9151645,-113.9828345,50.91516,-113.98283
"9383613",51.088311448,-114.2411339859,51.08831,-114.24113
"8799656",51.105875,-114.065563,51.10587,-114.06556
"8799238",51.1102634,-114.0617259,51.11026,-114.06173
"10616083",50.0733193692,-103.1581878662,50.07332,-103.15819
"10600291",40.6694415875,-106.3215637207,40.66944,-106.32156
"10599949",40.884675056,-104.3794298172,40.88468,-104.37943
"9973385",50.43613607,-104.6338963509,50.43614,-104.6339
"8455197",51.02815961,-114.0970942,51.02816,-114.09709
"9882397",50.4386333333,-104.6143116667,50.43863,-104.61431
"4040901",47.747461,-107.772132,47.74746,-107.77213
"6176915",44.9706654259,-110.7036774606,44.97067,-110.70368
"7513389",38.5149112,-119.4768329,38.51491,-119.47683
"BOM-225",41.798574,-106.5097469,41.79857,-106.50975
"BOM-185",41.223,-111.97383,41.223,-111.97383
"BOM-183",41.139981,-104.820246,41.13998,-104.82025
"CMNMA 8161",49.216667,-110,49.21667,-110
"CMNMA 8270",49.233333,-107.733333,49.23333,-107.73333
"CMNMA 9646",49,-119.466667,49,-119.46667
"CMNMA 4479",49.516667,-108.816667,49.51667,-108.81667
"CMNMA 3423",50.433333,-100.583333,50.43333,-100.58333
"CMNMA 303",50.533333,-103.666667,50.53333,-103.66667
"CMNMA 3947",51.083333,-105.233333,51.08333,-105.23333
"CMNMA 8369",49.15,-104.85,49.15,-104.85
"CMNMA 43464",49.183333,-106.7,49.18333,-106.7
"CMNMA 52399",51.05,-102.166667,51.05,-102.16667
"CMNMA 9119",49.133333,-119.583333,49.13333,-119.58333
"9286540",50.4731649,-104.6688256,50.47316,-104.66883
"9146616",47.6480434356,-111.2997436523,47.64804,-111.29974
"9092071",51.0781456,-114.1251362,51.07815,-114.12514
"9088815",51.1282725322,-113.9325283043,51.12827,-113.93253
"9086629",50.9661169524,-114.0677189827,50.96612,-114.06772
"9086526",50.942621,-114.089008,50.94262,-114.08901
"9086426",51.0786758889,-114.1331755833,51.07868,-114.13318
"9086358",51.0786141389,-114.1323171111,51.07861,-114.13232
"9083442",51.0774388333,-114.1236888333,51.07744,-114.12369
"9080857",51.0545207265,-114.1218328848,51.05452,-114.12183
"9080828",51.0578091226,-114.1238418594,51.05781,-114.12384
"9077689",51.0802241,-114.1325966,51.08022,-114.1326
"9068061",51.078184636,-114.1359329224,51.07818,-114.13593
"9068056",51.0785081093,-114.1431427002,51.07851,-114.14314
"9068044",51.0802337362,-114.1548156738,51.08023,-114.15482
"9068019",51.0820849694,-113.92993927,51.08208,-113.92994
"9061369",50.9818202016,-114.0592044373,50.98182,-114.0592
"9053276",50.9820441783,-114.0592820275,50.98204,-114.05928
"9039181",50.9820127909,-114.0592785707,50.98201,-114.05928
"9038355",51.078376,-114.128353,51.07838,-114.12835
"9034072",51.0783329265,-114.1305520758,51.07833,-114.13055
"9024472",51.0761916667,-114.1298138333,51.07619,-114.12981
"9024458",51.0755805,-114.1357333333,51.07558,-114.13573
"9024255",51.0757861667,-114.1344695,51.07579,-114.13447
"9010601",51.07802199,-114.12500428,51.07802,-114.125
"8995030",51.0611648836,-113.994069612,51.06116,-113.99407
"8913216",51.1135962901,-113.9336177177,51.1136,-113.93362
"9010617",51.07804304,-114.12506176,51.07804,-114.12506
"9001088",50.895974,-114.0383881,50.89597,-114.03839
"9001066",50.8951668,-114.0408948,50.89517,-114.04089
"8999971",51.0578956604,-114.1199111938,51.0579,-114.11991
"8999439",51.0751305,-114.1352778333,51.07513,-114.13528
"8998781",50.9534589618,-114.0914655849,50.95346,-114.09147
"8994692",50.9458808899,-114.0320968628,50.94588,-114.0321
"8994645",51.079334259,-114.1308135986,51.07933,-114.13081
"8953436",51.0579376221,-114.119682312,51.05794,-114.11968
"8953433",51.057926178,-114.120010376,51.05793,-114.12001
"8951508",51.150377,-114.084077,51.15038,-114.08408
"8951498",51.147442,-114.081717,51.14744,-114.08172
"8946684",51.0798294973,-114.1310150921,51.07983,-114.13102
"8937458",51.0615305,-114.1082611667,51.06153,-114.10826
"8937350",51.07845,-114.1326055,51.07845,-114.13261
"8937363",51.0793583333,-114.1320195,51.07936,-114.13202
"8937355",51.0785833333,-114.1328055,51.07858,-114.13281
"8937419",51.07915,-114.1326138333,51.07915,-114.13261
"8937440",51.0786666667,-114.1394195,51.07867,-114.13942
"8926868",51.0627528333,-114.1078416667,51.06275,-114.10784
"8926825",51.0615611667,-114.1097805,51.06156,-114.10978
"8926857",51.0623695,-114.1092083333,51.06237,-114.10921
"8926814",51.063175,-114.1107333333,51.06318,-114.11073
"8924643",51.0563154222,-114.1004161164,51.05632,-114.10042
"8924563",51.073033982,-114.1238750517,51.07303,-114.12388
"8920292",51.0773582458,-114.1309585571,51.07736,-114.13096
"8910450",51.0769971667,-114.1294638333,51.077,-114.12946
"8909933",50.9810366667,-114.0527945,50.98104,-114.05279
"8909188",51.0811362556,-114.1351096519,51.08114,-114.13511
"8906542",51.0786933899,-114.1292572021,51.07869,-114.12926
"8899884",51.0756797791,-114.1335830688,51.07568,-114.13358
"8896429",51.0752449036,-114.1344528198,51.07524,-114.13445
"8896408",51.0580101013,-114.086265564,51.05801,-114.08627
"8894716",51.0646971667,-114.1084583333,51.0647,-114.10846
"8894705",51.0630861667,-114.1092388333,51.06309,-114.10924
"8894703",51.0626555,-114.1092138333,51.06266,-114.10921
"8891057",51.12741311,-113.94373239,51.12741,-113.94373
"8890505",51.0802339436,-114.1329543293,51.08023,-114.13295
"8890222",51.0440709549,-114.1385703991,51.04407,-114.13857
"8882436",51.079975,-114.1295916667,51.07997,-114.12959
"8881983",51.0625721667,-114.1091695,51.06257,-114.10917
"8851315",51.0644221667,-114.1096195,51.06442,-114.10962
"8844345",51.0751305,-114.13385,51.07513,-114.13385
"8831613",51.0796161257,-114.1254451498,51.07962,-114.12545
"8825686",51.0799036675,-114.1309792459,51.0799,-114.13098
"8822577",50.975532769,-114.07598941,50.97553,-114.07599
"8817694",51.0756305,-114.1347721667,51.07563,-114.13477
"8810065",51.0760611667,-114.1350695,51.07606,-114.13507
"8802598",51.0612638333,-114.1141361667,51.06126,-114.11414
"8800878",51.1138948,-114.0603095,51.11389,-114.06031
"8800516",51.1066621,-114.0607978,51.10666,-114.0608
"8800517",51.1069208,-114.0608686,51.10692,-114.06087
"8799695",51.1014822,-114.0615474,51.10148,-114.06155
"8799555",51.1055553,-114.0655912,51.10556,-114.06559
"8789972",51.0753833333,-114.1230388333,51.07538,-114.12304
"8789872",51.0753971667,-114.1230083333,51.0754,-114.12301
"8789933",51.0761971667,-114.1258916667,51.0762,-114.12589
"8786890",44.6178441534,-111.6547393799,44.61784,-111.65474
"8767963",51.078206,-114.125066,51.07821,-114.12507
"8755701",51.1402160115,-114.1328189514,51.14022,-114.13282
"8663484",51.0798226478,-114.1307972461,51.07982,-114.1308
"8546612",51.0771621438,-114.124127347,51.07716,-114.12413
"6935067",37.799345,-118.911475,37.79935,-118.91148
"6447939",50.9735620061,-114.0875244141,50.97356,-114.08752
"431389",44.4708333333,-112.9623333333,44.47083,-112.96233
"1778866",37.8822669983,-119.3607177734,37.88227,-119.36072
"1564730",51.062976,-114.099627,51.06298,-114.09963
"8743835",51.0798977373,-114.1295057384,51.0799,-114.12951
"8718073",51.1460805,-114.1858883333,51.14608,-114.18589
"8696616",51.0759,-114.1341388333,51.0759,-114.13414
"8696625",51.0796888333,-114.1307445,51.07969,-114.13074
"8639936",51.1686096191,-114.1488876343,51.16861,-114.14889
"8626730",51.0777778625,-114.131942749,51.07778,-114.13194
"8577553",51.0774993896,-114.1322250366,51.0775,-114.13223
"8559285",51.07983149,-114.1311922457,51.07983,-114.13119
"8536890",51.0751594422,-114.1332539353,51.07516,-114.13325
"8535901",51.0789206075,-114.1259135306,51.07892,-114.12591
"8537880",51.0764007568,-114.1303100586,51.0764,-114.13031
"8517100",51.0754282842,-114.1357599823,51.07543,-114.13576
"8500886",51.0659028333,-114.210005,51.0659,-114.21
"8483849",50.9557213634,-114.07969404,50.95572,-114.07969
"8456978",51.076350588,-114.1298865068,51.07635,-114.12989
"8456970",51.0760828647,-114.129964495,51.07608,-114.12996
"8458610",51.0778721667,-114.1359555,51.07787,-114.13596
"8452145",51.0757798757,-114.1340998637,51.07578,-114.1341
"8449424",51.0760258776,-114.1297450843,51.07603,-114.12975
"8447878",51.0776023865,-114.1273193359,51.0776,-114.12732
"8447594",51.0792541504,-114.1268692017,51.07925,-114.12687
"8443753",51.0786981743,-114.127803817,51.0787,-114.1278
"8440428",51.0754778333,-114.1279305,51.07548,-114.12793
"8436922",51.1455221242,-114.0770153348,51.14552,-114.07702
"8434853",51.1057939952,-114.0767975722,51.10579,-114.0768
"8422440",51.0749030227,-114.1345795498,51.0749,-114.13458
"8407312",51.0753169732,-114.133227836,51.07532,-114.13323
"8407359",51.0761219836,-114.1360732614,51.07612,-114.13607
"8392843",51.1190508139,-114.137406125,51.11905,-114.13741
"8390841",51.1458635298,-114.0791559219,51.14586,-114.07916
"8384139",51.0836683447,-114.1414047965,51.08367,-114.1414
"8368847",51.075690587,-114.1326123476,51.07569,-114.13261
"8368852",51.0754748791,-114.1291415691,51.07547,-114.12914
"8368846",51.0760811639,-114.1358768453,51.07608,-114.13588
"8368977",51.0776453935,-114.1407394409,51.07765,-114.14074
"8368975",51.0785081784,-114.1441726685,51.07851,-114.14417
"8361433",51.0767286649,-114.1362333269,51.07673,-114.13623
"8361424",51.0775645066,-114.1373276711,51.07756,-114.13733
"8360336",51.0780100622,-114.1251745838,51.07801,-114.12517
"8360264",51.0778205014,-114.1254003217,51.07782,-114.1254
"8357976",51.0754681382,-114.1331702471,51.07547,-114.13317
"8357972",51.0754276929,-114.1290611029,51.07543,-114.12906
"8357977",51.0776858369,-114.1372686625,51.07769,-114.13727
"8355793",51.1667716667,-114.082175,51.16677,-114.08218
"8353359",51.151449,-114.086857,51.15145,-114.08686
"8350787",51.0786094666,-114.1275024414,51.07861,-114.1275
"8327539",50.9768739311,-114.1330984437,50.97687,-114.1331
"8324801",49.84483,-99.9632633333,49.84483,-99.96326
"8327780",52.2611634099,-113.7631560438,52.26116,-113.76316
"8327164",50.9303833402,-113.9576921351,50.93038,-113.95769
"8312364",51.0653588548,-114.1323737039,51.06536,-114.13237
"8285691",51.0790406705,-114.1391032939,51.07904,-114.1391
"8285669",51.0770252569,-114.135761261,51.07703,-114.13576
"8285664",51.0788317186,-114.1381108761,51.07883,-114.13811
"8276289",51.0785029125,-114.1303147003,51.0785,-114.13031
"8275471",51.0768769622,-114.137485921,51.07688,-114.13749
"8275426",51.0751782789,-114.1313302509,51.07518,-114.13133
"8271025",51.0812276183,-114.1365795863,51.08123,-114.13658
"8265592",51.1458194443,-114.0772436747,51.14582,-114.07724
"8264065",53.5435716176,-113.466796875,53.54357,-113.4668
"8258499",53.5634766717,-113.2751959562,53.56348,-113.2752
"8244731",51.0791013337,-114.140278101,51.0791,-114.14028
"8223185",51.18026508,-114.3226999264,51.18027,-114.3227
"7707617",50.4397583333,-104.6176216667,50.43976,-104.61762
"UMNH:Mamm:9544",38.0821,-110.50814,38.0821,-110.50814
"UMNH:Mamm:8819",38.24059,-111.54519,38.24059,-111.54519
"UMNH:Mamm:7018",41.93155,-113.34866,41.93155,-113.34866
"UMNH:Mamm:7016",39.33467,-111.40871,39.33467,-111.40871
"UMNH:Mamm:7019",40.72472,-111.34111,40.72472,-111.34111
"UMNH:Mamm:695",40.68917,-111.79028,40.68917,-111.79028
"UMNH:Mamm:560",40.75095,-111.7578,40.75095,-111.7578
"UMNH:Mamm:498",40.58139,-111.22639,40.58139,-111.22639
"UMNH:Mamm:41433",37.92613,-106.3385789,37.92613,-106.33858
"UMNH:Mamm:41320",40.6034,-111.11787,40.6034,-111.11787
"UMNH:Mamm:36118",38.264,-106.683,38.264,-106.683
"UMNH:Mamm:34938",41.867,-113.744,41.867,-113.744
"UMNH:Mamm:31201",41.5,-109.5,41.5,-109.5
"UMNH:Mamm:30429",40.71833,-109.18,40.71833,-109.18
"UMNH:Mamm:24506",40.19558,-109.96642,40.19558,-109.96642
"UMNH:Mamm:24500",40.155,-109.97,40.155,-109.97
"UMNH:Mamm:24501",39.793,-110.549,39.793,-110.549
"UMNH:Mamm:24213",40.19444,-109.96661,40.19444,-109.96661
"UMNH:Mamm:23810",38.2258342,-106.7693009,38.22583,-106.7693
"UMNH:Mamm:23787",38.2262466,-106.7417345,38.22625,-106.74173
"UMNH:Mamm:23804",38.1994298,-106.8269454,38.19943,-106.82695
"UMNH:Mamm:23802",38.2252744,-106.8060475,38.22527,-106.80605
"UMNH:Mamm:23788",38.2154272,-106.678405,38.21543,-106.6784
"UMNH:Mamm:23811",38.2259725,-106.7601083,38.22597,-106.76011
"UMNH:Mamm:23791",38.220646,-106.6720253,38.22065,-106.67203
"UMNH:Mamm:23797",38.2258554,-106.6656446,38.22586,-106.66564
"UMNH:Mamm:23800",38.2310736,-106.6592631,38.23107,-106.65926
"UMNH:Mamm:23789",38.2098737,-106.8142096,38.20987,-106.81421
"UMNH:Mamm:23799",38.2412243,-106.7759924,38.24122,-106.77599
"UMNH:Mamm:23806",38.2261098,-106.7509272,38.22611,-106.75093
"UMNH:Mamm:23805",38.1883167,-106.6811165,38.18832,-106.68112
"UMNH:Mamm:23792",38.2417652,-106.6281301,38.24177,-106.62813
"UMNH:Mamm:23798",38.2163382,-106.6134455,38.21634,-106.61345
"UMNH:Mamm:22367",40.9804,-111.085,40.9804,-111.085
"UMNH:Mamm:21987",41.11167,-111.2025,41.11167,-111.2025
"UMNH:Mamm:21749",40.39917,-110.34987,40.39917,-110.34987
"UMNH:Mamm:20449",40.93528,-110.00566,40.93528,-110.00566
"UMNH:Mamm:20297",41.71879,-111.21291,41.71879,-111.21291
"UMNH:Mamm:19011",38.15868,-111.2533,38.15868,-111.2533
"UMNH:Mamm:18886",41.56,-111.19676,41.56,-111.19676
"UMNH:Mamm:18452",41.57296,-111.565,41.57296,-111.565
"UMNH:Mamm:18450",37.01,-107.41,37.01,-107.41
"UMNH:Mamm:18062",38.47167,-107.2398396,38.47167,-107.23984
"UMNH:Mamm:18024",38.5223501,-107.1896484,38.52235,-107.18965
"UMNH:Mamm:18025",38.4594236,-107.3016738,38.45942,-107.30167
"UMNH:Mamm:18026",38.4884019,-107.3025957,38.4884,-107.3026
"UMNH:Mamm:16297",38.38611,-112.33722,38.38611,-112.33722
"UMNH:Mamm:13837",39.30295,-111.44431,39.30295,-111.44431
"UMNH:Mamm:13136",38.57763,-111.70461,38.57763,-111.70461
"UMNH:Mamm:13138",38.88205,-111.57188,38.88205,-111.57188
"UMNH:Mamm:13139",38.54378,-111.77139,38.54378,-111.77139
"UMNH:Mamm:13140",38.306,-111.52713,38.306,-111.52713
"UMNH:Mamm:13143",38.53538,-111.73766,38.53538,-111.73766
"UMNH:Mamm:13079",38.54863,-111.70461,38.54863,-111.70461
"7768782",52.1083373382,-106.591407358,52.10834,-106.59141
"7361154",46.8224824452,-96.8729889393,46.82248,-96.87299
"7286508",41.2359948467,-105.9327507002,41.23599,-105.93275
"6786801",53.5232189,-113.5263186,53.52322,-113.52632
"6694139",51.0099402217,-113.9575494238,51.00994,-113.95755
"6095584",50.8990291142,-114.0169715881,50.89903,-114.01697
"5983833",50.9095999299,-113.9873187228,50.9096,-113.98732
"2378409",49.0367779767,-107.3254917562,49.03678,-107.32549
"2366014",51.084116,-114.133101,51.08412,-114.1331
"7286522",41.2374148145,-105.933265686,41.23741,-105.93327
"7276462",37.694763,-106.504538,37.69476,-106.50454
"7193794",50.4269348,-104.5915389,50.42693,-104.59154
"6581646",50.4230341602,-104.5844641573,50.42303,-104.58446
"1851415",53.56463,-113.274654,53.56463,-113.27465
"5794",41.516454,-99.692383,41.51645,-99.69238
"5001595",40.6694415875,-106.389541626,40.66944,-106.38954
"4857093",51.0647219166,-114.0863335133,51.06472,-114.08633
"4570454",50.9828692,-114.1021362,50.98287,-114.10214
"4564334",50.393405,-97.0451583333,50.3934,-97.04516
"4428279",40.8700349322,-99.9983775896,40.87003,-99.99838
"4373309",43.8766663121,-102.2545478874,43.87667,-102.25455
"649",42,-122,42,-122
"2284149",37.2975516667,-118.8719933333,37.29755,-118.87199
"3002629",47.546959,-101.167731,47.54696,-101.16773
"2903678",41.43449,-111.151686,41.43449,-111.15169
"2709547",37.849875,-119.489359,37.84987,-119.48936
"1852315",53.564578,-113.272991,53.56458,-113.27299
"1529175",53.593321,-113.474696,53.59332,-113.4747
"111864",51.045113,-114.057141,51.04511,-114.05714
"MR.23756",42.54611,-107.00194,42.54611,-107.00194
"MR.12818",43.15641,-109.86028,43.15641,-109.86028
"MR.33211",47.7010032,-118.7044,47.701,-118.7044
"MR.21895",40.0578396,-106.0804221,40.05784,-106.08042
"MR.11141",46.752,-106.2353,46.752,-106.2353
"MR.33731",42.75638,-106.31065,42.75638,-106.31065
"MR.3906",42.74648,-105.00917,42.74648,-105.00917
"1101",36.777130127,-118.4259414673,36.77713,-118.42594
"199677",40.7527653,-104.0032815,40.75277,-104.00328
"160324",41.8618173,-110.7718469,41.86182,-110.77185
"OSUM Mammals 5824",39.0003,-105.5008,39.0003,-105.5008
"OSUM Mammals 3927",47.5003,-100.0007,47.5003,-100.0007
"2870",38.891245,-97.483197,38.89124,-97.4832
"2856",41.798845,-106.509373,41.79884,-106.50937
"2754",39.490998,-105.517542,39.491,-105.51754
"BOM-7154",46.735165,-105.430773,46.73517,-105.43077
"BOM-7153",40.299729,-100.002351,40.29973,-100.00235
"BOM-411",38.879178,-99.32677,38.87918,-99.32677
"5508",42.974274,-107.438415,42.97427,-107.43842
"5488",48.932763,-113.609267,48.93276,-113.60927
"2763",41.7774599,-106.9386522,41.77746,-106.93865
"5487",48.176104,-108.749881,48.1761,-108.74988
"48545",45.121908,-95.043342,45.12191,-95.04334
"37816",46.762494,-100.848374,46.76249,-100.84837
"16709",42.992718,-110.11572,42.99272,-110.11572
"10008",37.63397,-118.25448,37.63397,-118.25448
"13352",41.59303,-120.23152,41.59303,-120.23152
"17469",42.3983,-121.8814,42.3983,-121.8814
"5561",41.32101,-120.11622,41.32101,-120.11622
"9746",46.0001,-102.6331,46.0001,-102.6331
"CHAS:Mamm:3515",43.878881,-99.603164,43.87888,-99.60316
"DMNS:Mamm:1138",40.738656,-106.477674,40.73866,-106.47767
"DMNS:Mamm:1177",39.615,-104.04389,39.615,-104.04389
"DMNS:Mamm:1179",40.85889,-102.80056,40.85889,-102.80056
"DMNS:Mamm:1430",40.80694,-106.53472,40.80694,-106.53472
"DMNS:Mamm:1773",37.82608,-105.97291,37.82608,-105.97291
"DMNS:Mamm:18793",38.02830401,-106.207744,38.0283,-106.20774
"DMNS:Mamm:18798",38.22767202,-106.81201,38.22767,-106.81201
"DMNS:Mamm:18799",38.214407,-106.803501,38.21441,-106.8035
"DMNS:Mamm:18800",38.217468,-106.802481,38.21747,-106.80248
"DMNS:Mamm:18803",38.02418397,-106.203628,38.02418,-106.20363
"DMNS:Mamm:18805",38.19048696,-106.830978,38.19049,-106.83098
"DMNS:Mamm:18806",38.19274798,-106.738822,38.19275,-106.73882
"DMNS:Mamm:18808",37.97913602,-106.180122,37.97914,-106.18012
"DMNS:Mamm:2245",40.49194,-107.25694,40.49194,-107.25694
"DMNS:Mamm:2457",39.33528,-106.10694,39.33528,-106.10694
"DMNS:Mamm:3168",38.94278,-103.27861,38.94278,-103.27861
"DMNS:Mamm:3182",39.73833,-104.32278,39.73833,-104.32278
"DMNS:Mamm:3825",37.97464,-106.237723,37.97464,-106.23772
"DMNS:Mamm:4086",39.75889,-104.42694,39.75889,-104.42694
"DMNS:Mamm:4313",39.6281646154,-106.044153291,39.62816,-106.04415
"DMNS:Mamm:5227",40.73167,-106.28306,40.73167,-106.28306
"DMNS:Mamm:5676",39.37722,-105.8,39.37722,-105.8
"DMNS:Mamm:6472",39.92056,-104.86528,39.92056,-104.86528
"DMNS:Mamm:6524",40.16722,-105.10139,40.16722,-105.10139
"093749",48.4122,-97.4103,48.4122,-97.4103
"MSB:Mamm:100171",40.252207,-105.823067,40.25221,-105.82307
"MSB:Mamm:100175",37.623546,-106.675394,37.62355,-106.67539
"MSB:Mamm:101802",41.454922,-106.903096,41.45492,-106.9031
"MSB:Mamm:101946",47.425384,-100.611125,47.42538,-100.61112
"MSB:Mamm:102716",43.695765,-106.638934,43.69576,-106.63893
"MSB:Mamm:103466",40.059189,-107.837383,40.05919,-107.83738
"MSB:Mamm:11098",43.4802,-95.1388,43.4802,-95.1388
"MSB:Mamm:112018",40.503693,-109.069926,40.50369,-109.06993
"MSB:Mamm:113385",40.446284,-107.588453,40.44628,-107.58845
"MSB:Mamm:117983",42.465262,-100.476795,42.46526,-100.4768
"MSB:Mamm:11886",42.9319,-96.9044,42.9319,-96.9044
"MSB:Mamm:13432",36.9235982,-105.6703033,36.9236,-105.6703
"MSB:Mamm:151915",42.5,-112.3333333333,42.5,-112.33333
"MSB:Mamm:156238",44.5835,-112.2815,44.5835,-112.2815
"MSB:Mamm:20563",48.6481,-97.4031,48.6481,-97.4031
"MSB:Mamm:20564",48.7354,-97.2976,48.7354,-97.2976
"MSB:Mamm:60683",36.689002,-105.666361,36.689,-105.66636
"MVZ:Mamm:104440",38.57028,-118.79056,38.57028,-118.79056
"MVZ:Mamm:105672",38.442116,-119.321254,38.44212,-119.32125
"MVZ:Mamm:107175",45.2134,-112.7605,45.2134,-112.7605
"MVZ:Mamm:11322",41.4363981,-120.3442817,41.4364,-120.34428
"MVZ:Mamm:113712",38.256004,-119.226559,38.256,-119.22656
"MVZ:Mamm:119304",37.712773,-118.261045,37.71277,-118.26104
"MVZ:Mamm:119305",37.4993767,-118.1701813,37.49938,-118.17018
"MVZ:Mamm:119723",41.86105,-115.36343,41.86105,-115.36343
"MVZ:Mamm:119809",37.637056,-118.89504,37.63706,-118.89504
"MVZ:Mamm:134819",48.9392,-119.4344,48.9392,-119.4344
"MVZ:Mamm:165874",41.52816,-107.97861,41.52816,-107.97861
"MVZ:Mamm:181695",37.790812,-118.60426,37.79081,-118.60426
"MVZ:Mamm:20773",40.958057,-120.2157601,40.95806,-120.21576
"MVZ:Mamm:21977",38.15387,-119.31059,38.15387,-119.31059
"MVZ:Mamm:24146",37.90891,-119.1053,37.90891,-119.1053
"MVZ:Mamm:32793",38.69401,-119.9882,38.69401,-119.9882
"MVZ:Mamm:33006",41.8842219,-120.9805154,41.88422,-120.98052
"MVZ:Mamm:38282",38.98556,-119.95028,38.98556,-119.95028
"MVZ:Mamm:47068",42.8134,-112.4447,42.8134,-112.4447
"MVZ:Mamm:64545",38.537088,-118.841039,38.53709,-118.84104
"MVZ:Mamm:65229",39.28568,-119.88472,39.28568,-119.88472
"MVZ:Mamm:67028",37.73122972,-105.6614431,37.73123,-105.66144
"MVZ:Mamm:67690",42.3353,-113.5606,42.3353,-113.5606
"MVZ:Mamm:67693",42.2679,-113.5772,42.2679,-113.5772
"MVZ:Mamm:90426",45.2033,-111.6778,45.2033,-111.6778
"MVZ:Mamm:99291",37.814991,-118.580792,37.81499,-118.58079
"4198",40.6098,-104.478,40.6098,-104.478
"4260",40.8054,-104.1822,40.8054,-104.1822
"Mammal-02468",47.0509509639172,-118.38833,47.05095,-118.38833
"Mammal-02687",44.1764,-112.23,44.1764,-112.23
"Mammal-04319",47.2283912,-120.27583,47.22839,-120.27583
"Mammal-04795",41.76917,-110.32528,41.76917,-110.32528
"Mammal-06724",42.2324,-120.3447,42.2324,-120.3447
"36019",48.76552,-94.42834,48.76552,-94.42834
"2303",46.3999634,-95.7003174,46.39996,-95.70032
"25696",44.298584,-100.2466049,44.29858,-100.2466
"25697",44.2236862,-100.1245041,44.22369,-100.1245
"30717",41.8011818,-102.3991699,41.80118,-102.39917
"UAM:Mamm:111691",47.187296,-107.924713,47.1873,-107.92471
"57871",46.8787,-96.7894,46.8787,-96.7894
"68486",42.6635,-100.5549,42.6635,-100.5549
"53869",46.6297,-117.38,46.6297,-117.38
"90447",43.9019,-103.533,43.9019,-103.533
"90446",43.9134,-103.5462,43.9134,-103.5462
"57872",46.8739,-96.7672,46.8739,-96.7672
"34900",43.0935,-95.1422,43.0935,-95.1422
"93288",43.9026,-103.5323,43.9026,-103.5323
"58199",45.3039,-93.5669,45.3039,-93.5669
"35563",43.1128,-94.6828,43.1128,-94.6828
"87778",41.86917,-115.83972,41.86917,-115.83972
"77915",42.684,-102.9985,42.684,-102.9985
"93289",43.9581,-103.4187,43.9581,-103.4187
"53831",47.9111,-98.3839,47.9111,-98.3839
"UWBM:Mamm:18916",48.3614,-119.5822,48.3614,-119.5822
"UWBM:Mamm:33285",47.9725,-119.6492,47.9725,-119.6492
"UWBM:Mamm:35302",38.7125621,-105.4617603,38.71256,-105.46176
"UWBM:Mamm:51241",46.04,-118.6711,46.04,-118.6711
"UWBM:Mamm:51244",45.9888106,-118.7446047,45.98881,-118.7446
"UWBM:Mamm:51245",46.0834357,-118.6711,46.08344,-118.6711
"UWBM:Mamm:51932",41.3275,-110.29222,41.3275,-110.29222
"UWBM:Mamm:51936",42.8433,-106.31065,42.8433,-106.31065
"UWBM:Mamm:51942",38.4516523,-106.6088985,38.45165,-106.6089
"UWYMV:Mamm:2449",44.000336,-105.345168,44.00034,-105.34517
"UWYMV:Mamm:2986",41.11056,-106.01278,41.11056,-106.01278
"UWYMV:Mamm:2988",41.106894,-106.652967,41.10689,-106.65297
"UWYMV:Mamm:2989",41.815331,-106.99905,41.81533,-106.99905
"UWYMV:Mamm:2990",44.53556,-107.77917,44.53556,-107.77917
"UWYMV:Mamm:2991",44.519884,-108.012495,44.51988,-108.0125
"UWYMV:Mamm:2992",41.20667,-106,41.20667,-106
"UWYMV:Mamm:2998",44.099397,-104.355226,44.0994,-104.35523
"UWYMV:Mamm:3000",41.147242,-105.808821,41.14724,-105.80882
"UWYMV:Mamm:3002",41.23194,-105.38972,41.23194,-105.38972
"UWYMV:Mamm:3003",43.626861,-110.7175,43.62686,-110.7175
"UWYMV:Mamm:3005",41.328354,-105.704035,41.32835,-105.70404
"UWYMV:Mamm:3007",41.31139,-105.59056,41.31139,-105.59056
"UWYMV:Mamm:3011",41.25694,-105.70639,41.25694,-105.70639
"UWYMV:Mamm:3013",41.3925,-105.78944,41.3925,-105.78944
"UWYMV:Mamm:3015",41.789489,-107.1125,41.78949,-107.1125
"UWYMV:Mamm:4181",41.57611,-105.69472,41.57611,-105.69472
"UWYMV:Mamm:4182",41.310127,-106.130731,41.31013,-106.13073
"UWYMV:Mamm:4260",44.8496,-107.162,44.8496,-107.162
"UWYMV:Mamm:6083",41.594679,-106.304656,41.59468,-106.30466
"UWYMV:Mamm:841",41.23583,-103.6625,41.23583,-103.6625
"UWYMV:Mamm:846",40.45556,-109.52806,40.45556,-109.52806
"UWYMV:Mamm:847",41.50578,-105.849744,41.50578,-105.84974
"UWYMV:Mamm:848",41.29833,-106.14111,41.29833,-106.14111
"10009",37.60286,-119.00159,37.60286,-119.00159
"17495",44.4097,-100.3551,44.4097,-100.3551
"17496",46.7314,-117.1786,46.7314,-117.1786
"5562",41.41052,-120.96135,41.41052,-120.96135
"9473",47.0646,-98.9337,47.0646,-98.9337
"9474",46.9164,-98.6961,46.9164,-98.6961
"CHAS:Mamm:1315",39.5186,-104.761363,39.5186,-104.76136
"CHAS:Mamm:3799",40.606653,-103.843839,40.60665,-103.84384
"9727",42.4690579,-107.6124572,42.46906,-107.61246
"10870",39.192847,-106.29194,39.19285,-106.29194
"DMNS:Mamm:11073",38.7952,-106.4887,38.7952,-106.4887
"DMNS:Mamm:1679",39.37222,-104.85556,39.37222,-104.85556
"DMNS:Mamm:18790",38.22816697,-106.763816,38.22817,-106.76382
"DMNS:Mamm:18791",38.21743998,-106.775866,38.21744,-106.77587
"DMNS:Mamm:18792",38.190879,-106.698123,38.19088,-106.69812
"DMNS:Mamm:18794",38.49870002,-106.849692,38.4987,-106.84969
"DMNS:Mamm:18795",38.500341,-106.849362,38.50034,-106.84936
"DMNS:Mamm:18796",38.50924999,-106.83825,38.50925,-106.83825
"DMNS:Mamm:18797",38.21527401,-106.780597,38.21527,-106.7806
"DMNS:Mamm:18801",38.5111792,-106.8296629,38.51118,-106.82966
"DMNS:Mamm:18802",38.2186642,-106.8019956,38.21866,-106.802
"DMNS:Mamm:18804",38.28215699,-106.730425,38.28216,-106.73042
"DMNS:Mamm:18807",38.19517597,-106.737307,38.19518,-106.73731
"DMNS:Mamm:1943",40.82333,-103.97139,40.82333,-103.97139
"DMNS:Mamm:3114",40.89861,-104.79611,40.89861,-104.79611
"DMNS:Mamm:3120",40.5625,-106.44389,40.5625,-106.44389
"DMNS:Mamm:3132",39.74528,-104.60694,39.74528,-104.60694
"DMNS:Mamm:4319",39.224717,-105.973322,39.22472,-105.97332
"DMNS:Mamm:5164",41.31079,-105.685006,41.31079,-105.68501
"DMNS:Mamm:7603",38.715216,-105.873904,38.71522,-105.8739
"DMNS:Mamm:8109",38.727965,-105.856738,38.72796,-105.85674
"MSB:Mamm:100172",39.985223,-104.725946,39.98522,-104.72595
"MSB:Mamm:100174",38.325584,-103.782079,38.32558,-103.78208
"MSB:Mamm:101301",38.545801,-106.851175,38.5458,-106.85118
"MSB:Mamm:101475",41.731515,-102.43533,41.73152,-102.43533
"MSB:Mamm:102242",40.037028,-108.234953,40.03703,-108.23495
"MSB:Mamm:102243",39.780929,-108.218359,39.78093,-108.21836
"MSB:Mamm:106072",39.9900236,-106.535852,39.99002,-106.53585
"MSB:Mamm:107365",40.641965,-111.272842,40.64196,-111.27284
"MSB:Mamm:107779",40.601667,-105.057618,40.60167,-105.05762
"MSB:Mamm:115395",40.454649,-109.016127,40.45465,-109.01613
"MSB:Mamm:117956",42.455639,-100.434622,42.45564,-100.43462
"MSB:Mamm:119694",42.652117,-100.536952,42.65212,-100.53695
"MSB:Mamm:198191",42.5022222222,-112.3488888889,42.50222,-112.34889
"MSB:Mamm:265888",42.6188,-111.96648,42.6188,-111.96648
"MSB:Mamm:278632",39.831969,-107.945351,39.83197,-107.94535
"MVZ:Mamm:105668",38.211724,-119.01162,38.21172,-119.01162
"MVZ:Mamm:105669",38.473033,-119.304066,38.47303,-119.30407
"MVZ:Mamm:105670",38.44705,-119.317145,38.44705,-119.31714
"MVZ:Mamm:105671",38.436736,-119.336806,38.43674,-119.33681
"MVZ:Mamm:144248",47.5829,-107.0792,47.5829,-107.0792
"MVZ:Mamm:20801",37.99057,-119.14108,37.99057,-119.14108
"MVZ:Mamm:22976",37.87941,-119.39498,37.87941,-119.39498
"MVZ:Mamm:47067",42.4942,-112.1647,42.4942,-112.1647
"MVZ:Mamm:47069",42.8714,-112.2576,42.8714,-112.2576
"MVZ:Mamm:47070",42.5057,-112.1922,42.5057,-112.1922
"MVZ:Mamm:64765",44.2178,-112.3836,44.2178,-112.3836
"MVZ:Mamm:69769",43.4636,-114.2597,43.4636,-114.2597
"MVZ:Mamm:78109",42.3013,-111.6007,42.3013,-111.6007
"MVZ:Mamm:87869",45.65478,-120.89433,45.65478,-120.89433
"MVZ:Mamm:87870",44.7878,-119.0603,44.7878,-119.0603
"MVZ:Mamm:89256",41.54294,-109.46535,41.54294,-109.46535
"MVZ:Mamm:95282",38.96083,-119.94083,38.96083,-119.94083
"MVZ:Mamm:99292",37.774984,-118.707633,37.77498,-118.70763
"9644",41.2353,-103.4959,41.2353,-103.4959
"15156",41.178289,-104.35861,41.17829,-104.35861
"63386",39.863028,-107.859995,39.86303,-107.86
"63902",40.063192,-106.257429,40.06319,-106.25743
"8824",42.181853,-111.589932,42.18185,-111.58993
"8825",41.896703,-110.959247,41.8967,-110.95925
"Mammal-02301",47.6132300437344,-118.209482200736,47.61323,-118.20948
"Mammal-04794",41.31283,-105.10438,41.31283,-105.10438
"Mammal-06725",44.8742,-117.5894,44.8742,-117.5894
"Mammal-08951",47.5204344,-119.5525,47.52043,-119.5525
"Mammal-21126",42.0098,-117.6063,42.0098,-117.6063
"UAM:Mamm:114353",45.01402,-113.38663,45.01402,-113.38663
"53294",48.1128,-98.8647,48.1128,-98.8647
"60890",45.9942,-95.9764,45.9942,-95.9764
"59650",46.32389,-117.97139,46.32389,-117.97139
"55911",49.86667,-97.38889,49.86667,-97.38889
"54399",41.79111,-107.23806,41.79111,-107.23806
"UTEP:Mamm:7474",42.978445,-104.362458,42.97844,-104.36246
"UWBM:Mamm:20196",44.9677,-120.7664,44.9677,-120.7664
"UWBM:Mamm:20202",44.9749,-120.7511,44.9749,-120.7511
"UWBM:Mamm:32965",50.24583,-99.84167,50.24583,-99.84167
"UWBM:Mamm:33284",48.0083,-119.5405871,48.0083,-119.54059
"UWBM:Mamm:39391",45.5593,-117.0657,45.5593,-117.0657
"UWBM:Mamm:51246",46.0494,-118.3872,46.0494,-118.3872
"UWYMV:Mamm:2981",41.752658,-105.485437,41.75266,-105.48544
"UWYMV:Mamm:2983",41.342561,-104.157028,41.34256,-104.15703
"UWYMV:Mamm:2985",47.29444,-101.62222,47.29444,-101.62222
"UWYMV:Mamm:2993",41.1,-105.15778,41.1,-105.15778
"UWYMV:Mamm:2997",44.263073,-104.707033,44.26307,-104.70703
"UWYMV:Mamm:3006",41.308412,-106.420116,41.30841,-106.42012
"UWYMV:Mamm:3008",44.29111,-105.50167,44.29111,-105.50167
"UWYMV:Mamm:3009",41.4281,-106.0303,41.4281,-106.0303
"UWYMV:Mamm:4196",41.6875,-106.41278,41.6875,-106.41278
"UWYMV:Mamm:4198",41.66667,-105.7,41.66667,-105.7
"UWYMV:Mamm:4261",41.0526,-105.4123,41.0526,-105.4123
"UWYMV:Mamm:4262",41.74139,-105.97417,41.74139,-105.97417
"UWYMV:Mamm:849",41.22972,-105.97278,41.22972,-105.97278
"UWYMV:Mamm:851",40.731039,-105.900568,40.73104,-105.90057
"UWYMV:Mamm:868",41.181882,-104.184134,41.18188,-104.18413
"YPM MAM 014338",38.95,-106.98,38.95,-106.98
"75924",44.4164,-100.3069,44.4164,-100.3069
"YPM MAM 007147",38.9169369,-101.1473979,38.91694,-101.1474
"14080",44.361253,-96.554635,44.36125,-96.55464
"417477",47.684,-112.031,47.684,-112.031
"1598",41.035693,-111.678055,41.03569,-111.67806
"2108",40.7035866,-104.7038116,40.70359,-104.70381
"8618",41.9763832,-100.5354614,41.97638,-100.53546
"10766",38.1055527,-98.6228714,38.10555,-98.62287
"13134",43.1724739,-101.652771,43.17247,-101.65277
"13135",43.1723289,-101.5335922,43.17233,-101.53359
"13136",43.172493,-101.6924973,43.17249,-101.6925
"13138",43.1724586,-101.6329041,43.17246,-101.6329
"13961",41.831501,-100.57444,41.8315,-100.57444
"14826",42.9381599,-100.7574005,42.93816,-100.7574
"7361",51.0111084,-114.3861084,51.01111,-114.38611
"12746",36.5004463,-118.2187729,36.50045,-118.21877
"124118",42.0700073,-98.026741,42.07001,-98.02674
"13516",42.3981628,-121.8825226,42.39816,-121.88252
"121217",44.218174,-105.7922668,44.21817,-105.79227
"54299",45.4270897,-101.0748215,45.42709,-101.07482
"17558",52.0666695,-104.25,52.06667,-104.25
"170070",47.377871,-110.081926,47.37787,-110.08193
"170063",41.256278,-94.624496,41.25628,-94.6245
"1159",39.025,-99.8792,39.025,-99.8792
"1162",38.9181,-101.1484,38.9181,-101.1484
"1167",38.9142,-99.8747,38.9142,-99.8747
"1388",47.29,-104.87,47.29,-104.87
"4356",40.8667,-102.35,40.8667,-102.35
"6745",42.8714,-112.50409,42.8714,-112.50409
"11520",42.796393,-96.324138,42.79639,-96.32414
"12734",48.944754,-98.997536,48.94475,-98.99754
"14511",46.6674,-113.02112,46.6674,-113.02112
"14513",45.2032,-111.6788,45.2032,-111.6788
"15922",42.9881,-103.2392,42.9881,-103.2392
"16086",43.952356,-99.601869,43.95236,-99.60187
"17601",41.21855,-105.38237,41.21855,-105.38237
"20894",40.76058,-106.46458,40.76058,-106.46458
"21000",43.61564,-104.5445,43.61564,-104.5445
"26610",41.06924,-110.36494,41.06924,-110.36494
"26618",41.062,-110.4129,41.062,-110.4129
"26912",41.38301,-105.58577,41.38301,-105.58577
"26913",41.3321,-106.2756,41.3321,-106.2756
"32931",43.40577,-105.37858,43.40577,-105.37858
"34066",47.1008,-107.6976,47.1008,-107.6976
"37996",43.86,-108.16,43.86,-108.16
"37997",41.61862,-110.57566,41.61862,-110.57566
"37998",41.56066,-110.57566,41.56066,-110.57566
"38000",42.110556,-109.440278,42.11056,-109.44028
"38001",41.95966,-108.50838,41.95966,-108.50838
"41597",42.70484,-109.7169,42.70484,-109.7169
"41598",43.14066,-107.22415,43.14066,-107.22415
"41600",43.13342,-107.21428,43.13342,-107.21428
"41605",43.00539,-107.27528,43.00539,-107.27528
"41608",42.87707,-106.55565,42.87707,-106.55565
"41609",43.09438,-106.53596,43.09438,-106.53596
"41610",43.07989,-106.53596,43.07989,-106.53596
"41611",43.06541,-106.51628,43.06541,-106.51628
"41612",42.77917,-104.67622,42.77917,-104.67622
"41613",41.9222,-109.30407,41.9222,-109.30407
"41617",41.19168,-108.85583,41.19168,-108.85583
"43894",42.54213,-108.14368,42.54213,-108.14368
"45738",40.8175,-115.22195,40.8175,-115.22195
"45742",40.79667,-115.19,40.79667,-115.19
"45750",40.67064,-115.1975,40.67064,-115.1975
"45751",40.59818,-115.1975,40.59818,-115.1975
"45752",40.52571,-115.1975,40.52571,-115.1975
"45789",40.44797,-115.429,40.44797,-115.429
"63334",43.623056,-110.622778,43.62306,-110.62278
"68447",40.2528,-108.58365,40.2528,-108.58365
"73244",43.02138,-103.8156,43.02138,-103.8156
"73245",42.54722,-100.60087,42.54722,-100.60087
"77931",42.87278,-100.45208,42.87278,-100.45208
"77932",42.99831,-99.74876,42.99831,-99.74876
"79231",40.92657,-103.34181,40.92657,-103.34181
"83502",45.4006358,-103.1771463,45.40064,-103.17715
"83503",45.3716756,-103.1771463,45.37168,-103.17715
"86203",45.8577,-103.6861,45.8577,-103.6861
"86204",45.76928,-103.87297,45.76928,-103.87297
"86206",45.299275,-103.1565394,45.29928,-103.15654
"93101",37.4374188,-105.6425941,37.43742,-105.64259
"100828",44.06414,-103.80019,44.06414,-103.80019
"100829",43.5431,-101.8206,43.5431,-101.8206
"101684",45.0886,-100.1455,45.0886,-100.1455
"103989",41.46275,-92.61277,41.46275,-92.61277
"112882",44.31026,-103.52947,44.31026,-103.52947
"115821",45.8554,-103.9444,45.8554,-103.9444
"115823",45.5811,-103.8009,45.5811,-103.8009
"121823",45.63605,-104.02619,45.63605,-104.02619
"122325",43.96692,-101.84578,43.96692,-101.84578
"122327",43.95244,-101.86584,43.95244,-101.86584
"122328",43.92347,-101.86584,43.92347,-101.86584
"122572",46.079,-103.9409,46.079,-103.9409
"122575",45.9922,-103.9409,45.9922,-103.9409
"123258",45.64442,-104.08805,45.64442,-104.08805
"123259",45.62994,-104.03653,45.62994,-104.03653
"123261",45.57926,-104.06744,45.57926,-104.06744
"123262",45.5141,-104.03653,45.5141,-104.03653
"123263",45.62994,-104.04683,45.62994,-104.04683
"123264",45.46342,-104.03653,45.46342,-104.03653
"123265",45.37654,-104.05714,45.37654,-104.05714
"136329",45.01364,-108.34669,45.01364,-108.34669
"143933",41.44098,-105.62421,41.44098,-105.62421
"147268",44.24577,-107.63096,44.24577,-107.63096
"147269",44.4713,-116.41099,44.4713,-116.41099
"163742",41.31056,-105.73952,41.31056,-105.73952
"170066",41.599177,-93.215964,41.59918,-93.21596
"170068",40.25221,-94.141444,40.25221,-94.14144
"170064",41.494949,-94.695931,41.49495,-94.69593
"MVZ:Mamm:36486",39.166666667,-120.15,39.16667,-120.15
"Mammal-13763",40.9528792,-107.248917,40.95288,-107.24892
"14200",51.8166667,-106.5,51.81667,-106.5
"17255",50.5333333,-103.5166667,50.53333,-103.51667
"2204240046",49.7166667,-99.6,49.71667,-99.6
"29109",49.0333333333,-119.45,49.03333,-119.45
"3311120010",51.7666667,-98.6333333,51.76667,-98.63333
"33150",50.1833333,-98.3166667,50.18333,-98.31667
"91986",49.1,-107.433333333333,49.1,-107.43333
"377",37.6486111,-118.9711111,37.64861,-118.97111
"812",37.5319444,-118.9708333,37.53194,-118.97083
"7455",41.03,-120.16,41.03,-120.16
"4182",38.84222,-106.223365,38.84222,-106.22336
"M000356",49.029389,-119.46556,49.02939,-119.46556
"13140",37.65,-118.9833333,37.65,-118.98333
"17275",44.4333333,-118.2,44.43333,-118.2
"17527",46.2666667,-119.4833333,46.26667,-119.48333
"17622",46.2,-119.7666667,46.2,-119.76667
"9464",40.05,-104.65,40.05,-104.65
"79841",43.2399,-93.7574,43.2399,-93.7574
"42260",43.1292,-94.8989,43.1292,-94.8989
"56818",39.3060996,-102.2688916,39.3061,-102.26889
"79843",43.2506,-93.704,43.2506,-93.704
"75641",42.1231,-102.5802,42.1231,-102.5802
"105552",47.0945,-99.0402,47.0945,-99.0402
"79839",43.1998,-93.6964,43.1998,-93.6964
"65804",45.94131,-95.934,45.94131,-95.934
"56819",37.4288796,-105.4333369,37.42888,-105.43334
"56817",40.0156521,-103.2176784,40.01565,-103.21768
"87770",41.49115,-110.10454,41.49115,-110.10454
"107703",42.86444,-110.07028,42.86444,-110.07028
"53683",46.2997,-118.3139,46.2997,-118.3139
"79840",43.1954,-93.7603,43.1954,-93.7603
"56338",39.6149831,-104.0438976,39.61498,-104.0439
"54397",46.2497,-119.4764,46.2497,-119.4764
"75921",43.7062,-101.5083,43.7062,-101.5083
"56339",39.1216602,-104.1652837,39.12166,-104.16528
"65795",42.11056,-109.05112,42.11056,-109.05112
"107701",39.3675808,-104.4373289,39.36758,-104.43733
"77916",42.42,-103.6768,42.42,-103.6768
"75635",42.547,-100.8161,42.547,-100.8161
"56335",40.2502685,-103.7994434,40.25027,-103.79944
"54393",46.0856,-118.9042,46.0856,-118.9042
"77917",42.6691,-103.8823,42.6691,-103.8823
"87769",46.1043,-110.0152,46.1043,-110.0152
"UWBM:Mamm:81798",47.59,-119.6,47.59,-119.6
"YPM MAM 001959",42.3372,-108.9375,42.3372,-108.9375
"YPM MAM 010804",41.6833,-115.5,41.6833,-115.5
"YPM MAM 001947",49.6333,-108.6333,49.6333,-108.6333
"YPM MAM 001757",42.5,-106.6667,42.5,-106.6667
"YPM MAM 001760",42.6667,-106.5,42.6667,-106.5
"15161",39.160342,-108.680146,39.16034,-108.68015
"3356",40.60015,-111.431324,40.60015,-111.43132
"2107",40.5647812,-105.0569,40.56478,-105.0569
"8620",41.8604774,-100.57444,41.86048,-100.57444
"13959",42.6989403,-100.55056,42.69894,-100.55056
"13960",42.7279129,-100.55056,42.72791,-100.55056
"7484",49.5,-98.0017014,49.5,-98.0017
"5725",45.0318336,-110.7057648,45.03183,-110.70576
"13426",46.5652885,-100.0914917,46.56529,-100.09149
"18284",46.2995644,-118.3149796,46.29956,-118.31498
"8569",51.0499992,-114.0833359,51.05,-114.08334
"39480",42.3221283,-111.2976608,42.32213,-111.29766
"51355",42.7528992,-102.0265427,42.7529,-102.02654
"351",41.59582,-93.235,41.59582,-93.235
"170065",42.3128,-93.49096,42.3128,-93.49096
"1184",48.3328,-96.8209,48.3328,-96.8209
"6744",42.4286,-112.1236,42.4286,-112.1236
"14508",46.44699,-112.65602,46.44699,-112.65602
"14509",46.2047,-114.0552,46.2047,-114.0552
"14510",46.1563,-114.1796,46.1563,-114.1796
"15923",41.19082,-102.97423,41.19082,-102.97423
"18630",41.22394,-111.10445,41.22394,-111.10445
"32920",42.48446,-105.81418,42.48446,-105.81418
"32925",44.80585,-104.99311,44.80585,-104.99311
"34064",47.1008,-107.3796,47.1008,-107.3796
"34065",47.1008,-107.8778,47.1008,-107.8778
"37995",44.17881,-109.6024,44.17881,-109.6024
"37999",42.183,-109.20678,42.183,-109.20678
"41596",42.53341,-109.62849,42.53341,-109.62849
"41599",43.30726,-107.15504,43.30726,-107.15504
"41601",43.19372,-107.24564,43.19372,-107.24564
"41602",43.13577,-107.22589,43.13577,-107.22589
"41603",43.16475,-107.24564,43.16475,-107.24564
"41604",43.07058,-107.19625,43.07058,-107.19625
"41618",40.85113,-108.73267,40.85113,-108.73267
"41625",42.82637,-106.3194,42.82637,-106.3194
"43895",42.36797,-107.85222,42.36797,-107.85222
"45743",40.43417,-115.47417,40.43417,-115.47417
"45747",40.72861,-115.1975,40.72861,-115.1975
"45753",40.61487,-115.51028,40.61487,-115.51028
"62230",42.551482,-107.94294,42.55148,-107.94294
"62231",42.48032,-107.73487,42.48032,-107.73487
"68449",41.70768,-107.97339,41.70768,-107.97339
"70020",40.99729,-105.2167,40.99729,-105.2167
"74423",42.14861,-97.19332,42.14861,-97.19332
"98297",45.68249,-103.72789,45.68249,-103.72789
"100830",43.1885,-100.9042,43.1885,-100.9042
"103990",41.44102,-92.72836,41.44102,-92.72836
"112883",43.18658,-101.66727,43.18658,-101.66727
"112884",43.11415,-101.60789,43.11415,-101.60789
"115820",45.94622,-103.99099,45.94622,-103.99099
"115822",45.578991,-103.8482,45.57899,-103.8482
"115824",45.61587,-103.54593,45.61587,-103.54593
"119967",41.1962,-94.7344,41.1962,-94.7344
"122324",43.96692,-101.86584,43.96692,-101.86584
"122570",46.917526,-102.806005,46.91753,-102.806
"122571",47.003,-101.7953,47.003,-101.7953
"123257",45.8889,-104.30389,45.8889,-104.30389
"123260",45.57926,-104.26323,45.57926,-104.26323
"136328",45.07859,-108.40088,45.07859,-108.40088
"170067",42.16623,-93.482413,42.16623,-93.48241
"170069",40.360157,-94.892052,40.36016,-94.89205
"170062",41.360034,-94.604366,41.36003,-94.60437
"MSB:Mamm:153122",42.4166666667,-112.4333333333,42.41667,-112.43333
"MVZ:Mamm:21309",38.76806,-119.83944,38.76806,-119.83944
"14199",49.6666667,-109.5,49.66667,-109.5
"19757",41.76667,-107.26667,41.76667,-107.26667
"20555",41.26667,-110.33333,41.26667,-110.33333
"20797",41.55,-109.45,41.55,-109.45
"32201",49.95,-97.1166667,49.95,-97.11667
"3512130022",40.3833333333,-109.35,40.38333,-109.35
"91969",49.75,-109.666666666667,49.75,-109.66667
"91979",49.85,-109.466666666667,49.85,-109.46667
"24928",44.757526,-113.25668,44.75753,-113.25668
"M000434",49.023143,-119.456349,49.02314,-119.45635
"M001504",49.050278,-113.881389,49.05028,-113.88139
"M006082",49.068993,-119.48139,49.06899,-119.48139
"M006083",49.899695,-97.137499,49.8997,-97.1375
"6690",43.9639,-106.1992,43.9639,-106.1992
"65562",41.67306,-107.97861,41.67306,-107.97861
"60891",43.2534,-91.987,43.2534,-91.987
"107705",38.9979357,-104.4433166,38.99794,-104.44332
"55694",39.0619,-101.2436,39.0619,-101.2436
"79842",43.2295,-93.6594,43.2295,-93.6594
"75919",43.6035,-101.5083,43.6035,-101.5083
"68485",42.8047,-102.2028,42.8047,-102.2028
"YPM MAM 000364",41.6667,-111.8333,41.6667,-111.8333
"YPM MAM 003973",45.2164,-112.6367,45.2164,-112.6367
"422855",48.870305,-104.05188,48.8703,-104.05188
"29111",50.5833333,-111.8833333,50.58333,-111.88333
"YPM MAM 013787",41.081298,-105.212754,41.0813,-105.21275
"48943",45.6624336,-110.5610657,45.66243,-110.56107
"M009298",48.967216,-119.632856,48.96722,-119.63286
"YPM MAM 007267",41,-109.65,41,-109.65
"YPM MAM 007266",41.3167,-110.3836,41.3167,-110.3836
"18843",42.1105576,-109.4207535,42.11056,-109.42075
"222",38.74,-119.93,38.74,-119.93
"M001317",51.190988,-114.46786,51.19099,-114.46786
"34357",41.54361,-104.31861,41.54361,-104.31861
"YPM MAM 014334",48.3153,-100.5867,48.3153,-100.5867
"2629",41.55056,-107.43028,41.55056,-107.43028
"Textbok Bailey V. 1936. The Mammals and Life Zones of Oregon. USDA Bureau of Biological Survey, Washington, D.C., U.S.A.",46.0623208008643,-118.34274203032,46.06232,-118.34274
"Book Banfield AWF. 1974. The Mammals of Canada. University of Toronto Press, Toronto, CA.",60.1150100226944,-113.607328935482,60.11501,-113.60733
"Book Fitzgerald JP, Meaney CA, Armstrong DM. 1994. Mammals of Colorado. University Press of Colorado, Niwot, CO, USA.",40.6303812291105,-105.136836575747,40.63038,-105.13684
"Journal article Gunther KA et al. 2009.  Presence and distribution of white-tailed jackrabbits in Yellowstone National Park. Yellowstone Science 17(1): 24-31.",44.9775366908656,-110.698348710624,44.97754,-110.69835
"Journal Rogowitz, G.L., J.A. Gessaman. 1990. Influence of air temperature, wind and irradiance on metabolism of white-tailed jackrabbits. Journal of Thermal Biology 15:125-131.",41.6666278940621,-108.917336969326,41.66663,-108.91734
"USNM museum specimen USNM Specimen 132077 thru 132082 minus 80-81",38.0070589996732,-119.012259000053,38.00706,-119.01226
"USNM museum specimen USNM Specimen 211795 and 211796",42.1427109997129,-111.128806000097,42.14271,-111.12881
"Journal article Watkins LC, Nowak RM. 1973. The white-tailed jack rabbit in Missouri. The Southwestern Naturalist 18(3): 352-354.",39.8705876809768,-94.7517987532099,39.87059,-94.7518
"NA Watkins, L.C., and R.M. Nowak. 1973. The white-tailed jack rabbit in Missouri. The Southwestern Naturalist 18:352-354.",40.3499862299806,-94.866919773129,40.34999,-94.86692
"iNaturalist NA",43.5525000103672,-114.317327600189,43.5525,-114.31733
"Book Fitzgerald JP, Meaney CA, Armstrong DM. 1994. Mammals of Colorado. University Press of Colorado, Niwot, CO, USA.",38.3350088841527,-104.74590613506,38.33501,-104.74591
"Journal article Hansen RM, Bear GD. 1963. Winter coats of white-tailed jackrabbits in southwestern Colorado. J. of Mammology 44(3): 420-422.",38.2247835081524,-106.700160360612,38.22478,-106.70016
"Journal article Hansen RM, Bear GD. 1963. Winter coats of white-tailed jackrabbits in southwestern Colorado. J. of Mammology 44(3): 420-422.",38.2119344192381,-106.691594301036,38.21193,-106.69159
"iNaturalist White-tailed Jackrabbit (Lepus townsendii) - Observed by tylerschutz - March 23, 2014, 2014-04-22. Accessed via http://www.inaturalist.org/observations/638726 on 2015-07-09.",37.1149860001039,-113.418689000197,37.11499,-113.41869
"PreservedSpecimen DMNS:Mamm:3109",39.550052,-105.782069,39.55005,-105.78207
"PreservedSpecimen LACM 93751",38.910832,-104.47233,38.91083,-104.47233
"Museum specimen AMNH M-123030",39.369772,-108.287752,39.36977,-108.28775
"Museum specimen AMNH M-123033",37.670004,-106.639764,37.67,-106.63976
"Museum specimen AMNH M-40311",44.324326,-117.944647,44.32433,-117.94465
"Museum specimen AMNH M-90911",48.412211,-97.410634,48.41221,-97.41063
"Museum specimen AMNH M-93232",41.260774,-111.769938,41.26077,-111.76994
"Museum specimen AMNH M-28785",37.20496,-105.500548,37.20496,-105.50055
"Museum specimen AMNH M-28786",37.650891,-105.872992,37.65089,-105.87299
"Museum specimen AMNH M-28787",38.248601,-105.948658,38.2486,-105.94866
"PreservedSpecimen UCM:Mamm:7893",40.073041,-106.102799,40.07304,-106.1028
"PreservedSpecimen UCM:Mamm:7918",38.644988,-107.58478,38.64499,-107.58478
"PreservedSpecimen UCM:Mamm:7921",38.644988,-107.58479,38.64499,-107.58479
"PreservedSpecimen UCM:Mamm:1189",39.328115,-104.462986,39.32811,-104.46299
"PreservedSpecimen UCM:Mamm:1190",40.075823,-102.22325,40.07582,-102.22325
"PreservedSpecimen UCM:Mamm:13083",40.545896,-105.118561,40.5459,-105.11856
"PreservedSpecimen UCM:Mamm:13092",40.507371,-104.701252,40.50737,-104.70125
"PreservedSpecimen UCM:Mamm:13094",40.481948,-105.235291,40.48195,-105.23529
"PreservedSpecimen UCM:Mamm:13095",39.824095,-103.503571,39.8241,-103.50357
"PreservedSpecimen UCM:Mamm:7878",39.058601,-104.562622,39.0586,-104.56262
"PreservedSpecimen UCM:Mamm:7879",38.824196,-104.576111,38.8242,-104.57611
"PreservedSpecimen UCM:Mamm:7880",39.028469,-104.484128,39.02847,-104.48413
"PreservedSpecimen UCM:Mamm:7916",40.521753,-105.087161,40.52175,-105.08716
"UCM:Mamm:1194",39.3472,-104.46441,39.3472,-104.46441
"UCM:Mamm:7888",38.15999,-108.3748,38.15999,-108.3748
"UCM:Mamm:7889",38.2486,-105.94865,38.2486,-105.94865
"UMZM:Mamm:16871",47.495857,-112.394991,47.49586,-112.39499
"UMZM:Mamm:15352",45.457108,-112.196272,45.45711,-112.19627
"UMZM:Mamm:5186",44.177255,-96.104136,44.17726,-96.10414
"UMZM:Mamm:14068",48.1043469,-103.7520337,48.10435,-103.75203
"UMZM:Mamm:3610",46.85257,-113.963656,46.85257,-113.96366
"UMZM:Mamm:19000",46.448184,-108.541877,46.44818,-108.54188
"UMZM:Mamm:426",47.297913,-105.762509,47.29791,-105.76251
"UMZM:Mamm:15911",45.125398,-112.565464,45.1254,-112.56546
"UMZM:Mamm:12459",47.3047077,-108.9586423,47.30471,-108.95864
"UMZM:Mamm:15683",45.2171903,-112.5988523,45.21719,-112.59885
"USNM museum specimen 147185",42.5382750002911,-110.114324999799,42.53828,-110.11432
"USNM museum specimen 16227",46.8266600001589,-100.889576000132,46.82666,-100.88958
"USNM museum specimen 189022",46.4063549998834,-105.842211000237,46.40635,-105.84221
"USNM museum specimen 203176",42.7240729996693,-114.518652999936,42.72407,-114.51865
"USNM museum specimen 263407",43.7242119995842,-98.2212979998028,43.72421,-98.2213
"USNM museum specimen 4242",42.5570009995965,-106.033124999919,42.557,-106.03312
"USNM museum specimen 61366",45.0113789996412,-96.1932180003104,45.01138,-96.19322
"USNM museum specimen 102095",38.9900320002766,-99.8124939997982,38.99003,-99.81249
"USNM museum specimen 150972",39.0334529998561,-104.596023999608,39.03345,-104.59602
"USNM museum specimen 159379",49.0323039997298,-119.468162999823,49.0323,-119.46816
"USNM museum specimen 211800",42.0712969997568,-115.159503000263,42.0713,-115.1595
"USNM museum specimen 234187",46.2069000002349,-119.76559999974,46.2069,-119.7656
