"catalognumber","decimallatitude","decimallongitude"
"MSB:Mamm:128006",40.74238,-108.067901
"UMZM:Mamm:20235",46.46856,-109.93462
"40063355",50.9700093,-114.086095
"39982574",46.8587289378,-96.8614737132
"40134868",49.7383861981,-112.8456181728
"40208246",53.52663,-113.52169667
"39942701",49.9883299987,-97.2078731802
"39826236",51.12420283,-114.21308833
"39822680",51.0406883618,-114.0159672188
"39497727",46.8933677813,-96.877911212
"39233160",53.5092895832,-113.4722982694
"39498047",46.8937089248,-96.8764477317
"39496934",46.8934448949,-96.8794893567
"39263227",51.04730283,-114.04940833
"38740255",50.4286369117,-104.6148120008
"39268314",44.9677160894,-110.707951942
"39294801",52.1371233101,-106.6304077476
"38404872",50.9075113527,-114.0780552322
"39132225",51.2677528751,-114.0178500116
"38940379",51.4720237525,-114.0536868892
"39120145",53.5446144205,-113.5118778967
"38209132",52.2348153864,-113.7884730437
"38169683",51.0775756836,-114.1247253418
"38919012",51.2962989807,-114.0267333984
"38404680",50.9075221469,-114.0778544005
"38942885",52.2349738366,-113.7885445656
"12753339",49.588832044,-108.8258886337
"DMNS:Mamm:20378",39.8653569,-104.6621935
"DMNS:Mamm:20358",39.8513285,-104.6624361
"DMNS:Mamm:20361",39.8598,-104.696641
"DMNS:Mamm:20356",39.840665,-104.695694
"DMNS:Mamm:20357",39.877692,-104.696237
"DMNS:Mamm:20354",39.88948,-104.696309
"DMNS:Mamm:20374",39.88012,-104.684791
"DMNS:Mamm:20359",39.85833,-104.66694
"DMNS:Mamm:20355",39.877475,-104.65241
"DMNS:Mamm:20360",39.877424,-104.649537
"37931269",51.0777222781,-114.1249355301
"37839046",52.0817528333,-106.64257
"37767628",50.921146547,-114.0626705638
"37724653",49.7359397,-112.8179047
"36730625",43.6628258031,-97.7875770188
"35732985",48.94265,-108.42455
"34625907",46.8084718746,-104.2810539713
"37432950",49.7383577705,-112.8447936529
"37260207",37.8483713776,-119.2327395135
"37305319",49.7393363757,-112.853700768
"37036744",51.0447331,-114.0718831
"36868733",51.0497326931,-114.0776909009
"27809203",48.2529716667,-103.0166083333
"36440032",51.1583945,-114.08083333
"36396652",49.1510694711,-107.5103418015
"28204449",47.35973,-101.3863966667
"18590917",53.5332555182,-113.4554868498
"36197248",51.0504638889,-114.0649638889
"36101741",50.1704746248,-97.1293516211
"35863227",41.1771147978,-105.7214810607
"35981684",46.8536418974,-100.7638563631
"35965415",46.8285466667,-100.7359616667
"36209322",50.9050556084,-114.0781949293
"35844451",51.0519833333,-114.1060638333
"35562921",51.0111816,-114.0486604
"35539528",38.35278,-119.64008
"35539710",38.38447,-119.6757
"35497511",38.29649,-119.63678
"35497892",38.35529,-119.64711
"35468952",38.32901,-119.64626
"35468280",38.35453,-119.64772
"35468526",38.30504,-119.65759
"35468856",38.29782,-119.63419
"35469239",38.29765,-119.63917
"35469313",38.40741,-119.6808
"35455218",38.3340214187,-119.650852159
"35455033",38.57098,-119.83639
"35414999",38.47247,-119.76637
"35415101",38.47287,-119.76129
"35415245",38.47371,-119.74394
"35416058",38.35912,-119.64825
"35373776",38.35082,-119.63952
"35333392",38.3454840435,-119.666280548
"35330781",38.4759706583,-119.7670414707
"35331834",38.3827759857,-119.6647101787
"35330654",38.5404585597,-119.8139942517
"35330484",38.3351894427,-119.928218204
"35332886",38.4994617155,-119.7960987465
"35331066",53.5191650391,-113.4808349609
"35332466",38.4761091459,-119.7666784689
"35216327",45.462932318,-99.3796346337
"29734960",46.3730383333,-119.561585
"29267945",43.7855477311,-97.0425644551
"35071880",55.0620816084,-114.0986047967
"34580914",52.1275697433,-106.7338146584
"34648251",53.5141061798,-113.4111571963
"34552000",53.543258,-113.510484
"34568217",53.53915833,-113.51145833
"34478280",53.5239216667,-113.519805
"34480522",38.3215731597,-119.6108259584
"34150300",53.0138352214,-112.8227911144
"33917140",53.5207367383,-113.6041161241
"33678054",50.9469333333,-114.0878
"33653996",53.545344,-113.510918
"33654515",53.545462,-113.5128389722
"33653874",53.54455675,-113.5102170278
"33653938",53.5386519722,-113.5087199722
"33506873",53.5267206146,-113.5195586085
"MVZ:Mamm:79589",41.9493752,-120.3115805
"MVZ:Mamm:105673",38.44484,-119.300287
"MSB:Mamm:7619",43.4213,-95.225
"33448295",52.1251090103,-106.658826495
"33414373",53.5361897427,-113.5115783842
"33414051",53.5383043868,-113.5104015919
"33406219",53.6355299537,-113.4623299537
"33414052",53.5365250479,-113.5101591225
"33150494",50.8746896338,-114.0374260929
"33046855",50.50672319,-104.6628269994
"32843874",37.2051416667,-118.5213383333
"32803372",37.7904970565,-119.1893457105
"32761842",53.0162092724,-112.8288618654
"32718126",50.9634448815,-114.008397173
"32528686",53.5461245,-113.4938229
"32527888",53.5461245,-113.4938229
"32527890",53.5461245,-113.4938229
"32512569",53.5473509722,-113.515262
"32513744",53.5425878,-113.5104579
"32513679",53.5422184722,-113.5102363611
"32513743",53.5425878,-113.5104579
"32512949",53.5474419722,-113.515624
"32513142",53.545008,-113.5101889722
"32513691",53.5425878,-113.5104579
"32087701",53.5518707507,-113.2074579097
"31772938",51.052475,-114.0632555556
"31772928",51.0566222222,-114.0758833333
"31521727",53.4576355517,-113.5145489126
"31453091",51.0847555,-114.0726305
"31376369",50.957735,-114.0645969
"29203352",50.400454687,-104.6413756907
"31157577",50.9790283333,-114.0816333333
"31098366",52.1058149464,-106.5822335596
"30948268",51.1350157765,-114.2426722495
"30878875",51.0207888333,-114.1011055
"30785708",51.0558445,-114.067825
"30402634",52.1091193936,-106.6552518229
"30267871",51.1357296358,-114.2438037804
"30214585",50.4092783333,-104.6613083333
"29994195",51.0578528333,-114.0550778333
"29955730",53.5142743404,-113.5402355808
"29788171",53.4786505885,-111.9409048715
"29749407",49.9041111111,-97.2218777778
"29743699",37.5914033333,-118.8276883333
"29655538",53.532556089,-113.2630703563
"29587975",50.905255,-114.0525805
"18764642",53.501857,-113.367962
"29188195",51.0539388889,-114.0692527778
"29095397",51.0427278333,-114.0332945
"29095381",51.044075,-114.040275
"29088514",51.1694321522,-114.3701158217
"28598829",51.1478273,-114.0564139
"28185019",42.5275780556,-103.6963113889
"28181567",51.0125007629,-114.0449981689
"28081049",53.4581916667,-113.4972233333
"28061281",53.4583366667,-113.4972616667
"27993641",40.4538703,-106.1814128
"27850853",53.33267,-113.51117
"26673339",51.0198858286,-114.1914321492
"27740299",51.0485805,-114.1336583333
"27433545",49.0635853457,-107.3650903478
"27005496",47.0205371429,-96.4351511694
"23993793",50.9183842969,-113.9537211602
"26560436",51.044775139,-114.0315457174
"26219608",51.0174666667,-114.0872416667
"26150010",53.6317234068,-113.4642425739
"26110709",52.372448772,-108.847639988
"26044005",51.1111195,-114.0757916667
"25966352",52.1363910902,-106.6378769743
"25966353",52.1363910902,-106.6378769743
"25647635",51.13273989,-114.21216929
"25365908",42.5529430556,-103.7867263889
"9092670",51.0778045654,-114.1282119751
"9086823",51.0802810022,-114.1275608836
"8949214",51.1189485247,-113.9379071394
"25092216",50.9047429147,-114.0786195009
"25022150",51.0486151,-114.0708459
"24978913",52.4835174,-113.7252464
"24874806",41.772955,-110.551431
"24861720",52.4837905011,-113.725958513
"24796245",51.0789666667,-114.1253138333
"24654526",51.0744075559,-114.0883107856
"24642557",51.0760354906,-114.0863977511
"24529093",51.0486151,-114.0708459
"24413419",51.0692208693,-114.0895968379
"24412742",51.01351945,-114.1002888333
"24413418",51.0695984084,-114.0889960231
"24098525",51.1548851739,-114.0876564549
"24087319",51.0899695,-114.0649028333
"24069471",50.9609116667,-114.0880805
"24073563",51.0630945,-114.0682445
"24072813",50.9781033333,-114.0819333333
"24066083",50.9574616667,-114.0907221667
"24033733",50.8585218918,-114.0027299748
"23997830",51.0343196921,-114.1951203385
"23826844",51.0866211216,-114.1242539139
"23815316",51.0753616244,-114.0872112898
"23809460",51.0204308362,-114.2010425555
"23782527",50.8886611881,-114.0104828217
"23782482",50.8883158422,-114.0107519719
"23775292",51.0749388333,-114.0826638333
"23768341",53.615451,-113.396034
"23758889",50.9071441929,-114.118399545
"23730432",51.1418253977,-114.1401745006
"23721633",51.0753611111,-114.087375
"23704507",51.0349209,-114.04215
"23639269",53.6098947404,-113.5190097615
"23524365",51.0971824531,-114.1849800181
"23500428",49.34305454,-108.4170332481
"23373415",50.9371265351,-114.1337083724
"23355628",51.0983362,-114.1322484
"23316760",51.1375900498,-114.085460622
"23290289",51.1547528243,-114.0866936307
"23144273",51.0656249751,-113.9875990525
"23135117",51.068462141,-114.0623699874
"23087748",46.9001101763,-96.8128471558
"23035782",51.294155,-114.0354
"22920421",51.07088763,-114.06774908
"22474379",50.954301,-114.037232
"22461447",50.9110027778,-114.0470416667
"22464143",49.061377915,-107.3587795087
"22388262",51.0823216243,-114.0667572432
"22388328",51.0823895177,-114.0668811278
"22349092",50.4201622675,-104.6342926331
"22286426",40.0024778619,-107.8370742152
"22220554",52.27622285,-113.83688246
"22006451",51.0705945,-114.113175
"21899665",50.97775,-114.0822
"21854257",39.2267883333,-105.872545
"21775368",53.5392999628,-113.5114407771
"18171228",51.078425,-114.1324528333
"21152000",51.1088490572,-114.0843410605
"21106118",51.010109441,-114.1125378062
"21041031",51.041232624,-114.1480700897
"20540783",50.9810783333,-114.0200888333
"9086818",51.1189415362,-113.937886476
"7700799",41.858311,-110.765877
"7326485",52.1234961702,-106.6622579097
"20987970",53.4125981835,-113.4499662003
"20987971",53.4125998792,-113.4499672035
"20954908",52.1312072835,-106.6339233223
"20931453",51.0497055,-114.1674283333
"19335063",41.433607,-111.033368
"20743627",40.0024778619,-107.8370742152
"20608140",53.5256694444,-113.5213
"20500567",51.1010553848,-114.1666164415
"20322097",51.0486151,-114.0708459
"20308693",49.0858903,-111.6195612
"20290699",53.5242879271,-113.5235260986
"19699841",49.1521419864,-107.5157672344
"19271184",50.600770658,-104.8526130941
"8951369",51.0754195,-114.1342555
"9092646",51.077922821,-114.1279602051
"19392686",51.0486151,-114.0708459
"19335070",41.459343,-111.147238
"9655419",50.4996719874,-104.6595339772
"9118980",38.86721,-119.88968
"9092989",37.8756494607,-119.3595457077
"8896276",51.0794916667,-114.1254721667
"8991286",51.0787658691,-114.1325302124
"8858948",51.0576324463,-114.1212692261
"8820211",51.0756378174,-114.1346359253
"8905827",51.07755,-114.1327528333
"8800949",51.1089873,-114.0587259
"8800763",51.1156419,-114.0602889
"8800001",51.0781599,-114.1358007
"8799607",51.104755,-114.066652
"8861753",51.10898636,-114.18530624
"8799606",51.104755,-114.066652
"8400392",51.1519770837,-114.0930803587
"8344172",52.2586858562,-113.7755127226
"5940497",50.9118461021,-113.9997571707
"4466601",52.27760173,-113.83973614
"19161032",38.7224062767,-120.0271524197
"19161030",39.3451050564,-119.9218491539
"19161033",38.78174,-119.97736
"19161031",38.71541,-119.9978
"18908126",49.1237711,-107.4469847
"18452998",51.079381479,-114.125655368
"18321887",51.0181083333,-114.1046
"18320150",51.0799518748,-114.1309383139
"18320025",51.0797979023,-114.1309530661
"18320017",51.0798242314,-114.1310301796
"18320207",51.0758028642,-114.1268593445
"18320065",51.0797930578,-114.1310093924
"18320056",51.0798425565,-114.1310955584
"18320044",51.0797816836,-114.1310194507
"18286782",51.0795861667,-114.1306528333
"18219076",51.0791554672,-114.1325784847
"18116322",51.0905036926,-114.1296691895
"17728125",43.031944,-107.003554
"17539328",51.080375556,-114.1206232925
"16921916",51.2781066895,-114.028465271
"16981755",51.0812258,-114.1297774
"16667969",53.520053035,-113.6034102531
"16665784",51.086584,-114.139298
"16660280",51.0794448853,-114.1238861084
"15652644",51.0418138889,-114.0797277778
"15652645",51.0418083333,-114.0796805556
"12865202",51.3527015496,-105.2191543579
"12838290",49.7919816667,-102.932015
"12838407",49.8646683333,-102.99067
"11439515",51.1336724184,-100.0695576666
"9118978",39.15773,-119.88705
"9118975",39.3473,-119.92174
"19123814",51.0872002787,-114.080824666
"18907960",49.1237711,-107.4469847
"18509039",51.0430561889,-114.0441089855
"18503068",40.0024778619,-107.8370742152
"18333057",51.0795861667,-114.1306528333
"15111563",48.6546858482,-102.3870849609
"12357622",40.0641948028,-105.5480712088
"18861716",46.8538660949,-100.7645193223
"18848869",52.133939359,-106.632415317
"18687004",53.5194444444,-113.5222222222
"16031714",52.0904554502,-106.6430394524
"15736104",36.7770167549,-118.42020493
"18381334",51.0212359904,-114.108656617
"18344211",51.0463578,-114.0820768
"18343797",51.103805,-113.97264
"18343889",51.103805,-113.97264
"18300098",51.0799340511,-114.1298068563
"18300109",51.079934051,-114.129683475
"18300104",51.0799439513,-114.1299838829
"18300106",51.0798851844,-114.1299785177
"18292946",51.0797233582,-114.130279541
"18292953",51.0783348083,-114.1322250366
"18287949",51.0564611667,-114.16848
"18220115",51.0802554722,-114.1254761944
"18213416",51.0648639019,-114.1199195366
"18215287",51.1357199243,-114.1944347395
"18181337",51.101238,-114.135545
"18150970",51.1254054638,-114.1394764557
"18101382",51.1186597743,-114.2123168507
"17938030",51.0799444,-114.1292353
"17835573",51.0802960536,-114.132447727
"17795943",51.0790732596,-114.1450864635
"17375583",51.0771503672,-114.1321139597
"16724571",51.0795097351,-114.1304702759
"17937307",51.0774349701,-114.1254219895
"17934279",50.173652,-97.138827
"17931771",51.0781599,-114.1358007
"17931328",51.07816,-114.135801
"17931531",51.0847268,-114.1394795
"17912197",51.134994637,-114.1949507776
"17905622",40.7129819341,-104.1175743526
"17891761",51.1464858064,-114.107805588
"17889693",51.0214415147,-114.1088551005
"17812582",51.054681862,-114.0749065185
"17804680",51.0596447822,-114.1208441556
"17796651",50.895586,-114.04444
"17746513",51.1114614954,-114.1436549001
"17712617",51.0617511716,-114.0652371719
"17693028",51.0212189332,-114.1087038071
"17658471",51.0212231242,-114.1087315512
"17623225",51.1028067607,-114.0580331065
"17332326",51.0744256062,-114.12427973
"17220600",51.1353988066,-114.1952169408
"17220330",51.0796603,-114.1276806
"17639271",46.8377571954,-100.7698573941
"17582684",51.0577781465,-114.1190340741
"17581421",51.0748882345,-114.1315298779
"17578688",51.0772094727,-114.1313858032
"17547211",51.0610073837,-114.0674688088
"17545821",52.1190708504,-106.6266561715
"17436591",51.056371479,-114.1196877882
"17405427",51.0678631608,-114.1188532859
"17337264",51.022498083,-114.107093811
"17332359",51.0523210966,-114.1214429587
"17332253",51.0557843546,-114.1198785603
"17281122",51.0794271435,-114.132150323
"17281009",51.0780423349,-114.128451778
"17280757",51.0809393454,-114.1309526363
"17280166",51.0354500829,-114.1796289019
"17279948",51.0797810846,-114.1321462788
"17279674",51.0798083962,-114.1314535145
"17263623",51.0781599,-114.1358007
"17247375",51.1357089725,-114.1948815667
"17247065",51.0376339259,-114.0809229113
"17230137",51.07816,-114.135801
"17227882",51.077181045,-114.1315619276
"17212866",51.07615422,-114.1304262635
"17204550",51.2930233229,-114.0353517607
"17159749",51.0749955132,-114.1353493589
"17159309",51.0800914051,-114.1296504635
"17159330",51.07816,-114.135801
"17139401",51.07816,-114.135801
"17116638",51.0756593184,-114.1343884376
"17116620",51.075688635,-114.1343232685
"17116412",51.0724121123,-114.1314359127
"17085377",51.0786055,-114.1249471667
"17079331",37.5286266988,-118.1942103387
"17069267",51.0750158,-114.1343026
"17052279",51.07816,-114.135801
"17045014",51.1559902433,-114.0399748849
"17043565",51.0797233582,-114.1322250366
"17034135",51.0233335764,-114.0089718715
"17011667",51.0772388333,-114.1240778333
"17007174",51.07816,-114.135801
"16983397",50.4329516667,-104.5900983333
"16983317",51.0760186699,-114.1252814279
"300692",37.744055,-105.525483
"16980550",51.07816,-114.135801
"16956898",51.0789222717,-114.1308059692
"16947350",51.0911238799,-114.1621301416
"16946249",51.1715175866,-114.0985286092
"16945941",51.07816,-114.135801
"16944840",51.1357240953,-114.1948556186
"16929395",51.0764677031,-114.1305397545
"16921855",51.122698263,-114.1375435889
"16920056",51.0793247167,-114.130182853
"16912021",51.076359409,-114.1341409554
"16901022",51.0750378,-114.1342634
"16891368",51.07816,-114.135801
"16888136",51.0801083333,-114.1304945
"16886475",51.1254002032,-114.1384029016
"16883703",51.0753175072,-114.1360112406
"16883418",51.079980876,-114.1299736643
"16879503",51.0783192656,-114.1323297099
"16870706",51.07816,-114.135801
"16858534",51.0747402826,-114.1314956773
"16784007",51.0766361667,-114.1280361667
"16773088",51.0932032889,-114.1411807744
"1543277",51.05011,-114.08529
"14140822",37.5791696,-106.1480842
"12179254",46.8389205933,-96.860496521
"8845136",51.0812335546,-114.151400551
"8811480",51.0861994391,-114.1357988119
"16755916",51.0801231185,-114.1303395107
"16751814",51.0763321259,-114.1296883208
"16737668",51.1051715867,-114.1588332877
"16737111",51.0852508545,-114.1404495239
"16708294",51.0185305,-114.218605
"16704968",51.0773855119,-114.130727202
"16702973",51.0851777778,-114.1400222222
"16692222",51.0836775997,-114.1397651285
"16691963",51.0851251363,-114.1404990479
"16692008",51.0853416667,-114.1403277778
"16678866",51.1081251057,-114.0588434601
"16666089",51.0853416667,-114.1403277778
"16645304",51.0748702707,-114.1317723535
"16644664",51.0212188494,-114.1087348201
"16603734",51.1401778333,-114.1737966667
"16594011",50.9700093,-114.086095
"16551424",51.0746846,-114.1343054
"16535025",51.1713460459,-114.1854876512
"16525601",51.1337487048,-114.0930376947
"16518245",51.0767909093,-114.131125901
"16506007",51.0772102034,-114.1316615045
"16471140",51.0737102605,-114.1311261447
"16468589",51.0272973713,-114.1050169988
"16459955",53.5207964505,-113.6042515503
"16459570",53.5212646604,-113.6042421832
"16439468",51.0733457136,-114.1313607348
"16353907",51.0418138889,-114.0797277778
"15479161",52.1321372802,-106.6331899649
"15405645",37.5270794787,-118.1980645718
"15098573",53.5357713694,-113.4783689561
"15098544",53.5805992836,-113.3728012993
"15069759",49.166422915,-107.519325626
"15064145",52.1367543865,-106.6331291199
"14374012",52.126975008,-106.633935459
"14431780",49.1177133333,-100.9446516667
"14191431",41.1590488695,-111.0801203098
"9882395",50.43865325,-104.61450125
"13902043",45.201535,-112.1585116667
"13850418",50.7260333333,-113.9652416667
"12871571",40.6843596073,-104.3584871281
"13220260",48.8468689538,-95.3383081168
"12946782",40.6360160085,-111.3178096502
"12691772",49.802696228,-97.1428375244
"12232177",46.8402723134,-96.8609438847
"12177834",46.8390666667,-96.8605633333
"12165299",50.4749984741,-104.6433334351
"11879032",39.255,-103.272
"9357068",44.977831541,-110.6995953619
"11149574",46.8268194444,-100.7375638889
"9236686",50.463725,-104.6091388889
"9097418",51.07816,-114.135801
"9084181",51.1270916667,-113.9313966667
"9084165",51.1270833333,-113.9308383333
"9077684",51.0816682856,-114.1496366635
"9024215",51.0784945,-114.1328138333
"9024231",51.0783388333,-114.1328055
"9021802",50.9528907729,-114.091679079
"8932950",50.9861934879,-114.1041380167
"9720783",50.9151645,-113.9828345
"9383613",51.088311448,-114.2411339859
"8799656",51.105875,-114.065563
"8799238",51.1102634,-114.0617259
"10616083",50.0733193692,-103.1581878662
"10600291",40.6694415875,-106.3215637207
"10599949",40.884675056,-104.3794298172
"10426867",50.9151645,-113.9828345
"9973385",50.43613607,-104.6338963509
"8455197",51.02815961,-114.0970942
"10296348",50.9700093,-114.086095
"9882397",50.4386333333,-104.6143116667
"4040901",47.747461,-107.772132
"6176915",44.9706654259,-110.7036774606
"7513389",38.5149112,-119.4768329
"BOM-225",41.798574,-106.5097469
"BOM-222",41.798574,-106.5097469
"BOM-224",41.798574,-106.5097469
"BOM-221",41.798574,-106.5097469
"BOM-223",41.798574,-106.5097469
"BOM-185",41.223,-111.97383
"BOM-186",41.223,-111.97383
"BOM-183",41.139981,-104.820246
"CMNMA 8161",49.216667,-110
"CMNMA 8270",49.233333,-107.733333
"CMNMA 9646",49,-119.466667
"CMNMA 8157",49.216667,-110
"CMNMA 4479",49.516667,-108.816667
"CMNMA 3423",50.433333,-100.583333
"CMNMA 8162",49.216667,-110
"CMNMA 303",50.533333,-103.666667
"CMNMA 9608",49,-119.466667
"CMNMA 9647",49,-119.466667
"CMNMA 3422",50.433333,-100.583333
"CMNMA 3947",51.083333,-105.233333
"CMNMA 8170",49.216667,-110
"CMNMA 8369",49.15,-104.85
"CMNMA 43464",49.183333,-106.7
"CMNMA 52399",51.05,-102.166667
"CMNMA 9119",49.133333,-119.583333
"CMNMA 9114",49.133333,-119.583333
"CMNMA 3421",50.433333,-100.583333
"9286540",50.4731649,-104.6688256
"9146616",47.6480434356,-111.2997436523
"9097519",51.07816,-114.135801
"9097468",51.07816,-114.135801
"9092071",51.0781456,-114.1251362
"9088815",51.1282725322,-113.9325283043
"9086629",50.9661169524,-114.0677189827
"9086526",50.942621,-114.089008
"9086426",51.0786758889,-114.1331755833
"9086358",51.0786141389,-114.1323171111
"9083442",51.0774388333,-114.1236888333
"9080857",51.0545207265,-114.1218328848
"9080828",51.0578091226,-114.1238418594
"9077689",51.0802241,-114.1325966
"9068061",51.078184636,-114.1359329224
"9068056",51.0785081093,-114.1431427002
"9068044",51.0802337362,-114.1548156738
"9068019",51.0820849694,-113.92993927
"9061369",50.9818202016,-114.0592044373
"9053276",50.9820441783,-114.0592820275
"9039181",50.9820127909,-114.0592785707
"9038355",51.078376,-114.128353
"9034072",51.0783329265,-114.1305520758
"9024472",51.0761916667,-114.1298138333
"9024458",51.0755805,-114.1357333333
"9024255",51.0757861667,-114.1344695
"9010601",51.07802199,-114.12500428
"8995030",51.0611648836,-113.994069612
"8913216",51.1135962901,-113.9336177177
"9010617",51.07804304,-114.12506176
"9004969",51.07816,-114.135801
"9001088",50.895974,-114.0383881
"9001066",50.8951668,-114.0408948
"8999971",51.0578956604,-114.1199111938
"8999439",51.0751305,-114.1352778333
"8998781",50.9534589618,-114.0914655849
"8994692",50.9458808899,-114.0320968628
"8994645",51.079334259,-114.1308135986
"8953436",51.0579376221,-114.119682312
"8953433",51.057926178,-114.120010376
"8951508",51.150377,-114.084077
"8951498",51.147442,-114.081717
"8951483",51.07816,-114.135801
"8946684",51.0798294973,-114.1310150921
"8937458",51.0615305,-114.1082611667
"8937350",51.07845,-114.1326055
"8937363",51.0793583333,-114.1320195
"8937355",51.0785833333,-114.1328055
"8937419",51.07915,-114.1326138333
"8937440",51.0786666667,-114.1394195
"8927300",51.07816,-114.135801
"8926868",51.0627528333,-114.1078416667
"8926825",51.0615611667,-114.1097805
"8926857",51.0623695,-114.1092083333
"8926814",51.063175,-114.1107333333
"8924643",51.0563154222,-114.1004161164
"8924563",51.073033982,-114.1238750517
"8920292",51.0773582458,-114.1309585571
"8910450",51.0769971667,-114.1294638333
"8909933",50.9810366667,-114.0527945
"8909188",51.0811362556,-114.1351096519
"8906542",51.0786933899,-114.1292572021
"8899884",51.0756797791,-114.1335830688
"8896429",51.0752449036,-114.1344528198
"8896408",51.0580101013,-114.086265564
"8894716",51.0646971667,-114.1084583333
"8894705",51.0630861667,-114.1092388333
"8894703",51.0626555,-114.1092138333
"8891057",51.12741311,-113.94373239
"8890505",51.0802339436,-114.1329543293
"8890222",51.0440709549,-114.1385703991
"8882436",51.079975,-114.1295916667
"8881983",51.0625721667,-114.1091695
"8851315",51.0644221667,-114.1096195
"8844345",51.0751305,-114.13385
"8831613",51.0796161257,-114.1254451498
"8825686",51.0799036675,-114.1309792459
"8822577",50.975532769,-114.07598941
"8817694",51.0756305,-114.1347721667
"8810065",51.0760611667,-114.1350695
"8802598",51.0612638333,-114.1141361667
"8800878",51.1138948,-114.0603095
"8800762",51.1156419,-114.0602889
"8800516",51.1066621,-114.0607978
"8800517",51.1069208,-114.0608686
"8799695",51.1014822,-114.0615474
"8799509",51.0781599,-114.1358007
"8799555",51.1055553,-114.0655912
"8799302",51.0781599,-114.1358007
"8797171",50.9151645,-113.9828345
"8789972",51.0753833333,-114.1230388333
"8789872",51.0753971667,-114.1230083333
"8789933",51.0761971667,-114.1258916667
"8786890",44.6178441534,-111.6547393799
"8767963",51.078206,-114.125066
"8755701",51.1402160115,-114.1328189514
"8682177",50.9700093,-114.086095
"8663484",51.0798226478,-114.1307972461
"8546612",51.0771621438,-114.124127347
"6935067",37.799345,-118.911475
"6447939",50.9735620061,-114.0875244141
"6254374",50.9151645,-113.9828345
"431389",44.4708333333,-112.9623333333
"1778866",37.8822669983,-119.3607177734
"1564730",51.062976,-114.099627
"8743835",51.0798977373,-114.1295057384
"8718073",51.1460805,-114.1858883333
"8696616",51.0759,-114.1341388333
"8696625",51.0796888333,-114.1307445
"8639936",51.1686096191,-114.1488876343
"8626730",51.0777778625,-114.131942749
"8577553",51.0774993896,-114.1322250366
"8559285",51.07983149,-114.1311922457
"8536890",51.0751594422,-114.1332539353
"8535901",51.0789206075,-114.1259135306
"8537880",51.0764007568,-114.1303100586
"8517100",51.0754282842,-114.1357599823
"8500886",51.0659028333,-114.210005
"8483849",50.9557213634,-114.07969404
"8456978",51.076350588,-114.1298865068
"8456970",51.0760828647,-114.129964495
"8458610",51.0778721667,-114.1359555
"8452145",51.0757798757,-114.1340998637
"8449424",51.0760258776,-114.1297450843
"8447878",51.0776023865,-114.1273193359
"8447594",51.0792541504,-114.1268692017
"8443753",51.0786981743,-114.127803817
"8440428",51.0754778333,-114.1279305
"8436922",51.1455221242,-114.0770153348
"8434853",51.1057939952,-114.0767975722
"8422440",51.0749030227,-114.1345795498
"8407312",51.0753169732,-114.133227836
"8407359",51.0761219836,-114.1360732614
"8392843",51.1190508139,-114.137406125
"8390841",51.1458635298,-114.0791559219
"8384139",51.0836683447,-114.1414047965
"8368847",51.075690587,-114.1326123476
"8368852",51.0754748791,-114.1291415691
"8368846",51.0760811639,-114.1358768453
"8368977",51.0776453935,-114.1407394409
"8368975",51.0785081784,-114.1441726685
"8361433",51.0767286649,-114.1362333269
"8361424",51.0775645066,-114.1373276711
"8360336",51.0780100622,-114.1251745838
"8360264",51.0778205014,-114.1254003217
"8357976",51.0754681382,-114.1331702471
"8357972",51.0754276929,-114.1290611029
"8357977",51.0776858369,-114.1372686625
"8355793",51.1667716667,-114.082175
"8353359",51.151449,-114.086857
"8350787",51.0786094666,-114.1275024414
"8327539",50.9768739311,-114.1330984437
"8324801",49.84483,-99.9632633333
"8327780",52.2611634099,-113.7631560438
"8327164",50.9303833402,-113.9576921351
"8312364",51.0653588548,-114.1323737039
"8285691",51.0790406705,-114.1391032939
"8285669",51.0770252569,-114.135761261
"8285664",51.0788317186,-114.1381108761
"8276289",51.0785029125,-114.1303147003
"8275471",51.0768769622,-114.137485921
"8275426",51.0751782789,-114.1313302509
"8271025",51.0812276183,-114.1365795863
"8265592",51.1458194443,-114.0772436747
"8264065",53.5435716176,-113.466796875
"8258499",53.5634766717,-113.2751959562
"8244731",51.0791013337,-114.140278101
"8223185",51.18026508,-114.3226999264
"7707617",50.4397583333,-104.6176216667
"UMNH:Mamm:9544",38.0821,-110.50814
"UMNH:Mamm:8819",38.24059,-111.54519
"UMNH:Mamm:7018",41.93155,-113.34866
"UMNH:Mamm:7016",39.33467,-111.40871
"UMNH:Mamm:7019",40.72472,-111.34111
"UMNH:Mamm:695",40.68917,-111.79028
"UMNH:Mamm:560",40.75095,-111.7578
"UMNH:Mamm:498",40.58139,-111.22639
"UMNH:Mamm:501",40.58139,-111.22639
"UMNH:Mamm:499",40.58139,-111.22639
"UMNH:Mamm:41433",37.92613,-106.3385789
"UMNH:Mamm:41434",37.92613,-106.3385789
"UMNH:Mamm:41320",40.6034,-111.11787
"UMNH:Mamm:36118",38.264,-106.683
"UMNH:Mamm:36116",38.264,-106.683
"UMNH:Mamm:36117",38.264,-106.683
"UMNH:Mamm:34938",41.867,-113.744
"UMNH:Mamm:31201",41.5,-109.5
"UMNH:Mamm:30429",40.71833,-109.18
"UMNH:Mamm:29616",40.71833,-109.18
"UMNH:Mamm:24506",40.19558,-109.96642
"UMNH:Mamm:24500",40.155,-109.97
"UMNH:Mamm:24501",39.793,-110.549
"UMNH:Mamm:24215",40.19558,-109.96642
"UMNH:Mamm:24213",40.19444,-109.96661
"UMNH:Mamm:24214",40.19558,-109.96642
"UMNH:Mamm:23810",38.2258342,-106.7693009
"UMNH:Mamm:23787",38.2262466,-106.7417345
"UMNH:Mamm:23804",38.1994298,-106.8269454
"UMNH:Mamm:23807",37.9261266,-106.3385789
"UMNH:Mamm:23808",37.9261266,-106.3385789
"UMNH:Mamm:23802",38.2252744,-106.8060475
"UMNH:Mamm:23783",37.9261266,-106.3385789
"UMNH:Mamm:23788",38.2154272,-106.678405
"UMNH:Mamm:23793",38.2258342,-106.7693009
"UMNH:Mamm:23811",38.2259725,-106.7601083
"UMNH:Mamm:23791",38.220646,-106.6720253
"UMNH:Mamm:23797",38.2258554,-106.6656446
"UMNH:Mamm:23794",38.2258342,-106.7693009
"UMNH:Mamm:23800",38.2310736,-106.6592631
"UMNH:Mamm:23789",38.2098737,-106.8142096
"UMNH:Mamm:23799",38.2412243,-106.7759924
"UMNH:Mamm:23776",38.2098737,-106.8142096
"UMNH:Mamm:23773",37.9261266,-106.3385789
"UMNH:Mamm:23806",38.2261098,-106.7509272
"UMNH:Mamm:23780",37.9261266,-106.3385789
"UMNH:Mamm:23801",38.2154272,-106.678405
"UMNH:Mamm:23775",37.9261266,-106.3385789
"UMNH:Mamm:23778",38.2098737,-106.8142096
"UMNH:Mamm:23805",38.1883167,-106.6811165
"UMNH:Mamm:23795",38.2258342,-106.7693009
"UMNH:Mamm:23785",38.2262466,-106.7417345
"UMNH:Mamm:23803",38.1883167,-106.6811165
"UMNH:Mamm:23774",37.9261266,-106.3385789
"UMNH:Mamm:23792",38.2417652,-106.6281301
"UMNH:Mamm:23779",38.2098737,-106.8142096
"UMNH:Mamm:23782",37.9261266,-106.3385789
"UMNH:Mamm:23786",38.2262466,-106.7417345
"UMNH:Mamm:23790",38.2098737,-106.8142096
"UMNH:Mamm:23781",37.9261266,-106.3385789
"UMNH:Mamm:23809",37.9261266,-106.3385789
"UMNH:Mamm:23784",38.1994298,-106.8269454
"UMNH:Mamm:23798",38.2163382,-106.6134455
"UMNH:Mamm:22367",40.9804,-111.085
"UMNH:Mamm:21987",41.11167,-111.2025
"UMNH:Mamm:21989",41.11167,-111.2025
"UMNH:Mamm:21986",41.11167,-111.2025
"UMNH:Mamm:21988",41.11167,-111.2025
"UMNH:Mamm:21749",40.39917,-110.34987
"UMNH:Mamm:20449",40.93528,-110.00566
"UMNH:Mamm:20297",41.71879,-111.21291
"UMNH:Mamm:20224",41.71879,-111.21291
"UMNH:Mamm:19011",38.15868,-111.2533
"UMNH:Mamm:18886",41.56,-111.19676
"UMNH:Mamm:18452",41.57296,-111.565
"UMNH:Mamm:18450",37.01,-107.41
"UMNH:Mamm:18062",38.47167,-107.2398396
"UMNH:Mamm:18024",38.5223501,-107.1896484
"UMNH:Mamm:18025",38.4594236,-107.3016738
"UMNH:Mamm:18026",38.4884019,-107.3025957
"UMNH:Mamm:16297",38.38611,-112.33722
"UMNH:Mamm:13837",39.30295,-111.44431
"UMNH:Mamm:13136",38.57763,-111.70461
"UMNH:Mamm:13138",38.88205,-111.57188
"UMNH:Mamm:13137",38.88205,-111.57188
"UMNH:Mamm:13139",38.54378,-111.77139
"UMNH:Mamm:13135",38.57763,-111.70461
"UMNH:Mamm:13140",38.306,-111.52713
"UMNH:Mamm:13143",38.53538,-111.73766
"UMNH:Mamm:13079",38.54863,-111.70461
"UMNH:Mamm:12929",40.71833,-109.18
"UMNH:Mamm:10956",40.71833,-109.18
"7768782",52.1083373382,-106.591407358
"7361154",46.8224824452,-96.8729889393
"7286508",41.2359948467,-105.9327507002
"6786801",53.5232189,-113.5263186
"6694139",51.0099402217,-113.9575494238
"6095584",50.8990291142,-114.0169715881
"5983833",50.9095999299,-113.9873187228
"2378409",49.0367779767,-107.3254917562
"2366014",51.084116,-114.133101
"7286522",41.2374148145,-105.933265686
"7276462",37.694763,-106.504538
"7193794",50.4269348,-104.5915389
"6581646",50.4230341602,-104.5844641573
"1851415",53.56463,-113.274654
"BOM-184",41.223,-111.97383
"5794",41.516454,-99.692383
"5001595",40.6694415875,-106.389541626
"4857093",51.0647219166,-114.0863335133
"4570454",50.9828692,-114.1021362
"4564334",50.393405,-97.0451583333
"4428279",40.8700349322,-99.9983775896
"4373309",43.8766663121,-102.2545478874
"649",42,-122
"2284149",37.2975516667,-118.8719933333
"3002629",47.546959,-101.167731
"2903678",41.43449,-111.151686
"2709547",37.849875,-119.489359
"1852315",53.564578,-113.272991
"1529175",53.593321,-113.474696
"111864",51.045113,-114.057141
"MR.23756",42.54611,-107.00194
"MR.12818",43.15641,-109.86028
"MR.33211",47.7010032,-118.7044
"MR.21895",40.0578396,-106.0804221
"MR.11141",46.752,-106.2353
"MR.33731",42.75638,-106.31065
"MR.33730",42.75638,-106.31065
"MR.3906",42.74648,-105.00917
"1101",36.777130127,-118.4259414673
"199677",40.7527653,-104.0032815
"160324",41.8618173,-110.7718469
"OSUM Mammals 5824",39.0003,-105.5008
"OSUM Mammals 3927",47.5003,-100.0007
"2870",38.891245,-97.483197
"2856",41.798845,-106.509373
"2754",39.490998,-105.517542
"BOM-7154",46.735165,-105.430773
"BOM-7153",40.299729,-100.002351
"BOM-411",38.879178,-99.32677
"BOM-7155",40.299729,-100.002351
"5508",42.974274,-107.438415
"5488",48.932763,-113.609267
"5486",40.299729,-100.002351
"2869",38.891245,-97.483197
"2859",41.798845,-106.509373
"2858",41.798845,-106.509373
"2855",41.798845,-106.509373
"2854",41.798845,-106.509373
"2763",41.7774599,-106.9386522
"5487",48.176104,-108.749881
"48545",45.121908,-95.043342
"37816",46.762494,-100.848374
"16709",42.992718,-110.11572
"2765",41.223,-111.97383
"2764",41.223,-111.97383
"BOM-964",41.223,-111.97383
"2857",41.798845,-106.509373
"5507",40.299729,-100.002351
"2853",41.798845,-106.509373
"2762",41.139981,-104.820246
"10008",37.63397,-118.25448
"13352",41.59303,-120.23152
"17469",42.3983,-121.8814
"5561",41.32101,-120.11622
"9746",46.0001,-102.6331
"CHAS:Mamm:3515",43.878881,-99.603164
"DMNS:Mamm:1138",40.738656,-106.477674
"DMNS:Mamm:1177",39.615,-104.04389
"DMNS:Mamm:1179",40.85889,-102.80056
"DMNS:Mamm:1430",40.80694,-106.53472
"DMNS:Mamm:14315",39.85833,-104.66694
"DMNS:Mamm:16494",39.85833,-104.66694
"DMNS:Mamm:16507",39.85833,-104.66694
"DMNS:Mamm:16510",39.85833,-104.66694
"DMNS:Mamm:16612",39.85833,-104.66694
"DMNS:Mamm:1773",37.82608,-105.97291
"DMNS:Mamm:1775",37.82608,-105.97291
"DMNS:Mamm:17804",39.85833,-104.66694
"DMNS:Mamm:18793",38.02830401,-106.207744
"DMNS:Mamm:18798",38.22767202,-106.81201
"DMNS:Mamm:18799",38.214407,-106.803501
"DMNS:Mamm:18800",38.217468,-106.802481
"DMNS:Mamm:18803",38.02418397,-106.203628
"DMNS:Mamm:18805",38.19048696,-106.830978
"DMNS:Mamm:18806",38.19274798,-106.738822
"DMNS:Mamm:18808",37.97913602,-106.180122
"DMNS:Mamm:2245",40.49194,-107.25694
"DMNS:Mamm:2457",39.33528,-106.10694
"DMNS:Mamm:3168",38.94278,-103.27861
"DMNS:Mamm:3182",39.73833,-104.32278
"DMNS:Mamm:3825",37.97464,-106.237723
"DMNS:Mamm:4059",39.73833,-104.32278
"DMNS:Mamm:4062",39.73833,-104.32278
"DMNS:Mamm:4063",39.73833,-104.32278
"DMNS:Mamm:4064",39.73833,-104.32278
"DMNS:Mamm:4070",39.73833,-104.32278
"DMNS:Mamm:4086",39.75889,-104.42694
"DMNS:Mamm:4087",39.75889,-104.42694
"DMNS:Mamm:4088",39.75889,-104.42694
"DMNS:Mamm:4089",39.75889,-104.42694
"DMNS:Mamm:4313",39.6281646154,-106.044153291
"DMNS:Mamm:5227",40.73167,-106.28306
"DMNS:Mamm:5229",40.73167,-106.28306
"DMNS:Mamm:5230",40.73167,-106.28306
"DMNS:Mamm:5676",39.37722,-105.8
"DMNS:Mamm:5677",39.37722,-105.8
"DMNS:Mamm:5679",39.37722,-105.8
"DMNS:Mamm:6472",39.92056,-104.86528
"DMNS:Mamm:6524",40.16722,-105.10139
"093749",48.4122,-97.4103
"093750",48.4122,-97.4103
"MSB:Mamm:100171",40.252207,-105.823067
"MSB:Mamm:100175",37.623546,-106.675394
"MSB:Mamm:101802",41.454922,-106.903096
"MSB:Mamm:101946",47.425384,-100.611125
"MSB:Mamm:101947",47.425384,-100.611125
"MSB:Mamm:102716",43.695765,-106.638934
"MSB:Mamm:103466",40.059189,-107.837383
"MSB:Mamm:11098",43.4802,-95.1388
"MSB:Mamm:112018",40.503693,-109.069926
"MSB:Mamm:113385",40.446284,-107.588453
"MSB:Mamm:117983",42.465262,-100.476795
"MSB:Mamm:11886",42.9319,-96.9044
"MSB:Mamm:13432",36.9235982,-105.6703033
"MSB:Mamm:151915",42.5,-112.3333333333
"MSB:Mamm:156238",44.5835,-112.2815
"MSB:Mamm:20563",48.6481,-97.4031
"MSB:Mamm:20564",48.7354,-97.2976
"MSB:Mamm:60683",36.689002,-105.666361
"MVZ:Mamm:104440",38.57028,-118.79056
"MVZ:Mamm:105672",38.442116,-119.321254
"MVZ:Mamm:107175",45.2134,-112.7605
"MVZ:Mamm:11322",41.4363981,-120.3442817
"MVZ:Mamm:113712",38.256004,-119.226559
"MVZ:Mamm:119304",37.712773,-118.261045
"MVZ:Mamm:119305",37.4993767,-118.1701813
"MVZ:Mamm:119723",41.86105,-115.36343
"MVZ:Mamm:119809",37.637056,-118.89504
"MVZ:Mamm:134819",48.9392,-119.4344
"MVZ:Mamm:165874",41.52816,-107.97861
"MVZ:Mamm:181695",37.790812,-118.60426
"MVZ:Mamm:20773",40.958057,-120.2157601
"MVZ:Mamm:20774",40.958057,-120.2157601
"MVZ:Mamm:21977",38.15387,-119.31059
"MVZ:Mamm:24146",37.90891,-119.1053
"MVZ:Mamm:32793",38.69401,-119.9882
"MVZ:Mamm:33006",41.8842219,-120.9805154
"MVZ:Mamm:38282",38.98556,-119.95028
"MVZ:Mamm:38283",38.98556,-119.95028
"MVZ:Mamm:38284",38.98556,-119.95028
"MVZ:Mamm:38285",38.98556,-119.95028
"MVZ:Mamm:47068",42.8134,-112.4447
"MVZ:Mamm:64545",38.537088,-118.841039
"MVZ:Mamm:65229",39.28568,-119.88472
"MVZ:Mamm:67028",37.73122972,-105.6614431
"MVZ:Mamm:67690",42.3353,-113.5606
"MVZ:Mamm:67691",42.3353,-113.5606
"MVZ:Mamm:67693",42.2679,-113.5772
"MVZ:Mamm:72424",42.2679,-113.5772
"MVZ:Mamm:90426",45.2033,-111.6778
"MVZ:Mamm:99291",37.814991,-118.580792
"4198",40.6098,-104.478
"4260",40.8054,-104.1822
"Mammal-02468",47.0509509639172,-118.38833
"Mammal-02687",44.1764,-112.23
"Mammal-04319",47.2283912,-120.27583
"Mammal-04795",41.76917,-110.32528
"Mammal-06724",42.2324,-120.3447
"36019",48.76552,-94.42834
"2303",46.3999634,-95.7003174
"25696",44.298584,-100.2466049
"25697",44.2236862,-100.1245041
"30717",41.8011818,-102.3991699
"UAM:Mamm:111691",47.187296,-107.924713
"57871",46.8787,-96.7894
"68486",42.6635,-100.5549
"53869",46.6297,-117.38
"90447",43.9019,-103.533
"90446",43.9134,-103.5462
"57872",46.8739,-96.7672
"34900",43.0935,-95.1422
"93288",43.9026,-103.5323
"58199",45.3039,-93.5669
"35563",43.1128,-94.6828
"38421",43.1128,-94.6828
"36040",43.1128,-94.6828
"87778",41.86917,-115.83972
"77915",42.684,-102.9985
"93289",43.9581,-103.4187
"53831",47.9111,-98.3839
"34901",43.0935,-95.1422
"10956",40.71833,-109.18
"12929",40.71833,-109.18
"13137",38.88205,-111.57188
"13138",38.88205,-111.57188
"18450",37.01,-107.41
"18452",41.57296,-111.565
"18886",41.56,-111.19676
"20224",41.71879,-111.21291
"20449",40.93528,-110.00566
"21986",41.11167,-111.2025
"21989",41.11167,-111.2025
"22367",40.9804,-111.085
"23774",37.9261266,-106.3385789
"23775",37.9261266,-106.3385789
"23776",38.2098737,-106.8142096
"23778",38.2098737,-106.8142096
"23779",38.2098737,-106.8142096
"23780",37.9261266,-106.3385789
"23781",37.9261266,-106.3385789
"23784",38.1994298,-106.8269454
"23786",38.2262466,-106.7417345
"23787",38.2262466,-106.7417345
"23789",38.2098737,-106.8142096
"23792",38.2417652,-106.6281301
"23794",38.2258342,-106.7693009
"23799",38.2412243,-106.7759924
"23800",38.2310736,-106.6592631
"23802",38.2252744,-106.8060475
"23804",38.1994298,-106.8269454
"23805",38.1883167,-106.6811165
"23806",38.2261098,-106.7509272
"23807",37.9261266,-106.3385789
"23810",38.2258342,-106.7693009
"23811",38.2259725,-106.7601083
"24213",40.19444,-109.96661
"24215",40.19558,-109.96642
"24501",39.793,-110.549
"24506",40.19558,-109.96642
"29616",40.71833,-109.18
"30429",40.71833,-109.18
"34938",41.867,-113.744
"36116",38.264,-106.683
"36118",38.264,-106.683
"41433",37.92613,-106.3385789
"41434",37.92613,-106.3385789
"498",40.58139,-111.22639
"8819",38.24059,-111.54519
"9544",38.0821,-110.50814
"UWBM:Mamm:18916",48.3614,-119.5822
"UWBM:Mamm:33285",47.9725,-119.6492
"UWBM:Mamm:35302",38.7125621,-105.4617603
"UWBM:Mamm:51241",46.04,-118.6711
"UWBM:Mamm:51244",45.9888106,-118.7446047
"UWBM:Mamm:51245",46.0834357,-118.6711
"UWBM:Mamm:51932",41.3275,-110.29222
"UWBM:Mamm:51936",42.8433,-106.31065
"UWBM:Mamm:51938",42.8433,-106.31065
"UWBM:Mamm:51939",42.8433,-106.31065
"UWBM:Mamm:51940",42.8433,-106.31065
"UWBM:Mamm:51942",38.4516523,-106.6088985
"UWYMV:Mamm:2449",44.000336,-105.345168
"UWYMV:Mamm:2986",41.11056,-106.01278
"UWYMV:Mamm:2988",41.106894,-106.652967
"UWYMV:Mamm:2989",41.815331,-106.99905
"UWYMV:Mamm:2990",44.53556,-107.77917
"UWYMV:Mamm:2991",44.519884,-108.012495
"UWYMV:Mamm:2992",41.20667,-106
"UWYMV:Mamm:2998",44.099397,-104.355226
"UWYMV:Mamm:3000",41.147242,-105.808821
"UWYMV:Mamm:3001",41.147242,-105.808821
"UWYMV:Mamm:3002",41.23194,-105.38972
"UWYMV:Mamm:3003",43.626861,-110.7175
"UWYMV:Mamm:3005",41.328354,-105.704035
"UWYMV:Mamm:3007",41.31139,-105.59056
"UWYMV:Mamm:3011",41.25694,-105.70639
"UWYMV:Mamm:3012",41.25694,-105.70639
"UWYMV:Mamm:3013",41.3925,-105.78944
"UWYMV:Mamm:3015",41.789489,-107.1125
"UWYMV:Mamm:4180",41.23194,-105.38972
"UWYMV:Mamm:4181",41.57611,-105.69472
"UWYMV:Mamm:4182",41.310127,-106.130731
"UWYMV:Mamm:4260",44.8496,-107.162
"UWYMV:Mamm:4263",44.8496,-107.162
"UWYMV:Mamm:6083",41.594679,-106.304656
"UWYMV:Mamm:841",41.23583,-103.6625
"UWYMV:Mamm:846",40.45556,-109.52806
"UWYMV:Mamm:847",41.50578,-105.849744
"UWYMV:Mamm:848",41.29833,-106.14111
"UWYMV:Mamm:850",41.31139,-105.59056
"10009",37.60286,-119.00159
"17470",42.3983,-121.8814
"17495",44.4097,-100.3551
"17496",46.7314,-117.1786
"17497",46.7314,-117.1786
"5562",41.41052,-120.96135
"942",41.59303,-120.23152
"9473",47.0646,-98.9337
"9474",46.9164,-98.6961
"9747",46.0001,-102.6331
"CHAS:Mamm:1315",39.5186,-104.761363
"CHAS:Mamm:3799",40.606653,-103.843839
"9727",42.4690579,-107.6124572
"10870",39.192847,-106.29194
"DMNS:Mamm:11073",38.7952,-106.4887
"DMNS:Mamm:15643",39.85833,-104.66694
"DMNS:Mamm:1679",39.37222,-104.85556
"DMNS:Mamm:1704",37.82608,-105.97291
"DMNS:Mamm:1705",37.82608,-105.97291
"DMNS:Mamm:1774",37.82608,-105.97291
"DMNS:Mamm:1776",37.82608,-105.97291
"DMNS:Mamm:18790",38.22816697,-106.763816
"DMNS:Mamm:18791",38.21743998,-106.775866
"DMNS:Mamm:18792",38.190879,-106.698123
"DMNS:Mamm:18794",38.49870002,-106.849692
"DMNS:Mamm:18795",38.500341,-106.849362
"DMNS:Mamm:18796",38.50924999,-106.83825
"DMNS:Mamm:18797",38.21527401,-106.780597
"DMNS:Mamm:18801",38.5111792,-106.8296629
"DMNS:Mamm:18802",38.2186642,-106.8019956
"DMNS:Mamm:18804",38.28215699,-106.730425
"DMNS:Mamm:18807",38.19517597,-106.737307
"DMNS:Mamm:1943",40.82333,-103.97139
"DMNS:Mamm:3114",40.89861,-104.79611
"DMNS:Mamm:3115",40.89861,-104.79611
"DMNS:Mamm:3120",40.5625,-106.44389
"DMNS:Mamm:3122",40.89861,-104.79611
"DMNS:Mamm:3132",39.74528,-104.60694
"DMNS:Mamm:3133",39.74528,-104.60694
"DMNS:Mamm:3134",39.74528,-104.60694
"DMNS:Mamm:4050",39.73833,-104.32278
"DMNS:Mamm:4056",39.73833,-104.32278
"DMNS:Mamm:4057",39.73833,-104.32278
"DMNS:Mamm:4058",39.73833,-104.32278
"DMNS:Mamm:4312",39.6281646154,-106.044153291
"DMNS:Mamm:4319",39.224717,-105.973322
"DMNS:Mamm:5164",41.31079,-105.685006
"DMNS:Mamm:5165",41.31079,-105.685006
"DMNS:Mamm:5228",40.73167,-106.28306
"DMNS:Mamm:5678",39.37722,-105.8
"DMNS:Mamm:5680",39.37722,-105.8
"DMNS:Mamm:5681",39.37722,-105.8
"DMNS:Mamm:5682",39.37722,-105.8
"DMNS:Mamm:5736",40.16722,-105.10139
"DMNS:Mamm:7603",38.715216,-105.873904
"DMNS:Mamm:8109",38.727965,-105.856738
"MSB:Mamm:100172",39.985223,-104.725946
"MSB:Mamm:100173",39.985223,-104.725946
"MSB:Mamm:100174",38.325584,-103.782079
"MSB:Mamm:101301",38.545801,-106.851175
"MSB:Mamm:101475",41.731515,-102.43533
"MSB:Mamm:102242",40.037028,-108.234953
"MSB:Mamm:102243",39.780929,-108.218359
"MSB:Mamm:106072",39.9900236,-106.535852
"MSB:Mamm:107365",40.641965,-111.272842
"MSB:Mamm:107779",40.601667,-105.057618
"MSB:Mamm:11079",38.1883167,-106.6811165
"MSB:Mamm:11096",38.1883167,-106.6811165
"MSB:Mamm:115395",40.454649,-109.016127
"MSB:Mamm:117956",42.455639,-100.434622
"MSB:Mamm:119694",42.652117,-100.536952
"MSB:Mamm:198191",42.5022222222,-112.3488888889
"MSB:Mamm:265888",42.6188,-111.96648
"MSB:Mamm:278632",39.831969,-107.945351
"MVZ:Mamm:105668",38.211724,-119.01162
"MVZ:Mamm:105669",38.473033,-119.304066
"MVZ:Mamm:105670",38.44705,-119.317145
"MVZ:Mamm:105671",38.436736,-119.336806
"MVZ:Mamm:144248",47.5829,-107.0792
"MVZ:Mamm:181694",37.790812,-118.60426
"MVZ:Mamm:20772",40.958057,-120.2157601
"MVZ:Mamm:20801",37.99057,-119.14108
"MVZ:Mamm:21978",38.15387,-119.31059
"MVZ:Mamm:22976",37.87941,-119.39498
"MVZ:Mamm:47067",42.4942,-112.1647
"MVZ:Mamm:47069",42.8714,-112.2576
"MVZ:Mamm:47070",42.5057,-112.1922
"MVZ:Mamm:64765",44.2178,-112.3836
"MVZ:Mamm:67029",37.73122972,-105.6614431
"MVZ:Mamm:67692",42.3353,-113.5606
"MVZ:Mamm:69769",43.4636,-114.2597
"MVZ:Mamm:78109",42.3013,-111.6007
"MVZ:Mamm:87869",45.65478,-120.89433
"MVZ:Mamm:87870",44.7878,-119.0603
"MVZ:Mamm:89256",41.54294,-109.46535
"MVZ:Mamm:90427",45.2033,-111.6778
"MVZ:Mamm:95282",38.96083,-119.94083
"MVZ:Mamm:99292",37.774984,-118.707633
"4259",40.6098,-104.478
"9644",41.2353,-103.4959
"4197",40.8054,-104.1822
"15156",41.178289,-104.35861
"63386",39.863028,-107.859995
"63902",40.063192,-106.257429
"8824",42.181853,-111.589932
"8825",41.896703,-110.959247
"Mammal-02301",47.6132300437344,-118.209482200736
"Mammal-04794",41.31283,-105.10438
"Mammal-06725",44.8742,-117.5894
"Mammal-08951",47.5204344,-119.5525
"Mammal-21126",42.0098,-117.6063
"30718",41.8011818,-102.3991699
"UAM:Mamm:114353",45.01402,-113.38663
"53294",48.1128,-98.8647
"38422",43.1128,-94.6828
"60890",45.9942,-95.9764
"59650",46.32389,-117.97139
"53293",48.1128,-98.8647
"77967",42.684,-102.9985
"55911",49.86667,-97.38889
"54399",41.79111,-107.23806
"34903",43.0935,-95.1422
"35562",43.1128,-94.6828
"36039",43.1128,-94.6828
"57870",46.8739,-96.7672
"13079",38.54863,-111.70461
"13135",38.57763,-111.70461
"13136",38.57763,-111.70461
"13139",38.54378,-111.77139
"13140",38.306,-111.52713
"13143",38.53538,-111.73766
"13837",39.30295,-111.44431
"16297",38.38611,-112.33722
"18024",38.5223501,-107.1896484
"18025",38.4594236,-107.3016738
"18026",38.4884019,-107.3025957
"18062",38.47167,-107.2398396
"19011",38.15868,-111.2533
"20297",41.71879,-111.21291
"21749",40.39917,-110.34987
"21987",41.11167,-111.2025
"21988",41.11167,-111.2025
"23773",37.9261266,-106.3385789
"23782",37.9261266,-106.3385789
"23783",37.9261266,-106.3385789
"23785",38.2262466,-106.7417345
"23788",38.2154272,-106.678405
"23790",38.2098737,-106.8142096
"23791",38.220646,-106.6720253
"23793",38.2258342,-106.7693009
"23795",38.2258342,-106.7693009
"23797",38.2258554,-106.6656446
"23798",38.2163382,-106.6134455
"23801",38.2154272,-106.678405
"23803",38.1883167,-106.6811165
"23808",37.9261266,-106.3385789
"23809",37.9261266,-106.3385789
"24214",40.19558,-109.96642
"24500",40.155,-109.97
"31201",41.5,-109.5
"36117",38.264,-106.683
"41320",40.6034,-111.11787
"499",40.58139,-111.22639
"501",40.58139,-111.22639
"560",40.75095,-111.7578
"695",40.68917,-111.79028
"7016",39.33467,-111.40871
"7018",41.93155,-113.34866
"7019",40.72472,-111.34111
"UTEP:Mamm:7474",42.978445,-104.362458
"UWBM:Mamm:20196",44.9677,-120.7664
"UWBM:Mamm:20202",44.9749,-120.7511
"UWBM:Mamm:32965",50.24583,-99.84167
"UWBM:Mamm:33284",48.0083,-119.5405871
"UWBM:Mamm:39391",45.5593,-117.0657
"UWBM:Mamm:51242",45.9888106,-118.7446047
"UWBM:Mamm:51243",45.9888106,-118.7446047
"UWBM:Mamm:51246",46.0494,-118.3872
"UWBM:Mamm:51247",42.8433,-106.31065
"UWBM:Mamm:51933",41.3275,-110.29222
"UWBM:Mamm:51934",42.8433,-106.31065
"UWBM:Mamm:51935",42.8433,-106.31065
"UWBM:Mamm:51937",42.8433,-106.31065
"UWBM:Mamm:51941",42.8433,-106.31065
"UWYMV:Mamm:2981",41.752658,-105.485437
"UWYMV:Mamm:2982",41.31139,-105.59056
"UWYMV:Mamm:2983",41.342561,-104.157028
"UWYMV:Mamm:2984",41.342561,-104.157028
"UWYMV:Mamm:2985",47.29444,-101.62222
"UWYMV:Mamm:2987",41.11056,-106.01278
"UWYMV:Mamm:2993",41.1,-105.15778
"UWYMV:Mamm:2994",41.31139,-105.59056
"UWYMV:Mamm:2995",41.31139,-105.59056
"UWYMV:Mamm:2996",41.31139,-105.59056
"UWYMV:Mamm:2997",44.263073,-104.707033
"UWYMV:Mamm:2999",41.31139,-105.59056
"UWYMV:Mamm:3004",41.31139,-105.59056
"UWYMV:Mamm:3006",41.308412,-106.420116
"UWYMV:Mamm:3008",44.29111,-105.50167
"UWYMV:Mamm:3009",41.4281,-106.0303
"UWYMV:Mamm:3014",41.789489,-107.1125
"UWYMV:Mamm:4183",41.31139,-105.59056
"UWYMV:Mamm:4196",41.6875,-106.41278
"UWYMV:Mamm:4197",41.11056,-106.01278
"UWYMV:Mamm:4198",41.66667,-105.7
"UWYMV:Mamm:4199",41.31139,-105.59056
"UWYMV:Mamm:4261",41.0526,-105.4123
"UWYMV:Mamm:4262",41.74139,-105.97417
"UWYMV:Mamm:4264",44.8496,-107.162
"UWYMV:Mamm:4265",44.8496,-107.162
"UWYMV:Mamm:842",41.31139,-105.59056
"UWYMV:Mamm:849",41.22972,-105.97278
"UWYMV:Mamm:851",40.731039,-105.900568
"UWYMV:Mamm:868",41.181882,-104.184134
"YPM MAM 014338",38.95,-106.98
"YPM MAM 014337",38.95,-106.98
"75924",44.4164,-100.3069
"75923",44.4164,-100.3069
"75925",44.4164,-100.3069
"75922",44.4164,-100.3069
"YPM MAM 007147",38.9169369,-101.1473979
"14080",44.361253,-96.554635
"417477",47.684,-112.031
"1598",41.035693,-111.678055
"2108",40.7035866,-104.7038116
"8618",41.9763832,-100.5354614
"10766",38.1055527,-98.6228714
"13134",43.1724739,-101.652771
"13135",43.1723289,-101.5335922
"13136",43.172493,-101.6924973
"13138",43.1724586,-101.6329041
"13140",43.172493,-101.6924973
"13961",41.831501,-100.57444
"14826",42.9381599,-100.7574005
"7361",51.0111084,-114.3861084
"12746",36.5004463,-118.2187729
"124118",42.0700073,-98.026741
"13516",42.3981628,-121.8825226
"121217",44.218174,-105.7922668
"54299",45.4270897,-101.0748215
"17558",52.0666695,-104.25
"170070",47.377871,-110.081926
"170063",41.256278,-94.624496
"1159",39.025,-99.8792
"1162",38.9181,-101.1484
"1163",38.9181,-101.1484
"1165",38.9181,-101.1484
"1167",38.9142,-99.8747
"1168",38.9142,-99.8747
"1262",38.9142,-99.8747
"1388",47.29,-104.87
"4356",40.8667,-102.35
"6745",42.8714,-112.50409
"11520",42.796393,-96.324138
"12151",42.796393,-96.324138
"12222",42.796393,-96.324138
"12734",48.944754,-98.997536
"12735",48.944754,-98.997536
"12739",48.944754,-98.997536
"13238",48.944754,-98.997536
"13239",48.944754,-98.997536
"13240",48.944754,-98.997536
"13241",48.944754,-98.997536
"13245",48.944754,-98.997536
"13246",48.944754,-98.997536
"13248",48.944754,-98.997536
"13250",48.944754,-98.997536
"13252",48.944754,-98.997536
"13254",48.944754,-98.997536
"13255",48.944754,-98.997536
"13256",48.944754,-98.997536
"13257",48.944754,-98.997536
"13258",48.944754,-98.997536
"13261",48.944754,-98.997536
"13262",48.944754,-98.997536
"13264",48.944754,-98.997536
"13279",48.944754,-98.997536
"13281",48.944754,-98.997536
"13284",48.944754,-98.997536
"13286",48.944754,-98.997536
"13288",48.944754,-98.997536
"13291",48.944754,-98.997536
"14511",46.6674,-113.02112
"14512",46.6674,-113.02112
"14513",45.2032,-111.6788
"15922",42.9881,-103.2392
"16086",43.952356,-99.601869
"17601",41.21855,-105.38237
"20894",40.76058,-106.46458
"21000",43.61564,-104.5445
"26610",41.06924,-110.36494
"26618",41.062,-110.4129
"26912",41.38301,-105.58577
"26913",41.3321,-106.2756
"32931",43.40577,-105.37858
"34066",47.1008,-107.6976
"37996",43.86,-108.16
"37997",41.61862,-110.57566
"37998",41.56066,-110.57566
"38000",42.110556,-109.440278
"38001",41.95966,-108.50838
"38003",41.95966,-108.50838
"38004",41.95966,-108.50838
"38006",41.95966,-108.50838
"41597",42.70484,-109.7169
"41598",43.14066,-107.22415
"41600",43.13342,-107.21428
"41605",43.00539,-107.27528
"41608",42.87707,-106.55565
"41609",43.09438,-106.53596
"41610",43.07989,-106.53596
"41611",43.06541,-106.51628
"41612",42.77917,-104.67622
"41613",41.9222,-109.30407
"41617",41.19168,-108.85583
"43894",42.54213,-108.14368
"45738",40.8175,-115.22195
"45742",40.79667,-115.19
"45750",40.67064,-115.1975
"45751",40.59818,-115.1975
"45752",40.52571,-115.1975
"45789",40.44797,-115.429
"45790",40.67064,-115.1975
"45791",40.59818,-115.1975
"45792",40.52571,-115.1975
"63334",43.623056,-110.622778
"68447",40.2528,-108.58365
"73244",43.02138,-103.8156
"73245",42.54722,-100.60087
"77931",42.87278,-100.45208
"77932",42.99831,-99.74876
"79231",40.92657,-103.34181
"83502",45.4006358,-103.1771463
"83503",45.3716756,-103.1771463
"86203",45.8577,-103.6861
"86204",45.76928,-103.87297
"86205",45.76928,-103.87297
"86206",45.299275,-103.1565394
"86207",45.4006358,-103.1771463
"86208",45.4006358,-103.1771463
"93101",37.4374188,-105.6425941
"100828",44.06414,-103.80019
"100829",43.5431,-101.8206
"101684",45.0886,-100.1455
"103989",41.46275,-92.61277
"112882",44.31026,-103.52947
"115821",45.8554,-103.9444
"115823",45.5811,-103.8009
"121823",45.63605,-104.02619
"121824",45.63605,-104.02619
"122325",43.96692,-101.84578
"122326",43.96692,-101.84578
"122327",43.95244,-101.86584
"122328",43.92347,-101.86584
"122572",46.079,-103.9409
"122574",46.079,-103.9409
"122575",45.9922,-103.9409
"122576",45.9922,-103.9409
"123258",45.64442,-104.08805
"123259",45.62994,-104.03653
"123261",45.57926,-104.06744
"123262",45.5141,-104.03653
"123263",45.62994,-104.04683
"123264",45.46342,-104.03653
"123265",45.37654,-104.05714
"136329",45.01364,-108.34669
"143933",41.44098,-105.62421
"147268",44.24577,-107.63096
"147269",44.4713,-116.41099
"163742",41.31056,-105.73952
"170066",41.599177,-93.215964
"170068",40.25221,-94.141444
"170064",41.494949,-94.695931
"MVZ:Mamm:36486",39.166666667,-120.15
"Mammal-13763",40.9528792,-107.248917
"Mammal-13766",40.9528792,-107.248917
"Mammal-13769",40.9528792,-107.248917
"Mammal-13770",40.9528792,-107.248917
"14200",51.8166667,-106.5
"17255",50.5333333,-103.5166667
"2204240046",49.7166667,-99.6
"2204240047",49.7166667,-99.6
"29109",49.0333333333,-119.45
"3311120010",51.7666667,-98.6333333
"33150",50.1833333,-98.3166667
"80266",49.0333333333,-119.45
"91986",49.1,-107.433333333333
"91988",49.1,-107.433333333333
"377",37.6486111,-118.9711111
"812",37.5319444,-118.9708333
"7455",41.03,-120.16
"4182",38.84222,-106.223365
"M000356",49.029389,-119.46556
"13140",37.65,-118.9833333
"17275",44.4333333,-118.2
"17276",44.4333333,-118.2
"17527",46.2666667,-119.4833333
"17622",46.2,-119.7666667
"17623",46.2,-119.7666667
"17624",46.2,-119.7666667
"837",37.65,-118.9833333
"838",37.65,-118.9833333
"9464",40.05,-104.65
"79841",43.2399,-93.7574
"42260",43.1292,-94.8989
"56818",39.3060996,-102.2688916
"54171",48.4122,-97.4103
"54190",48.4122,-97.4103
"79843",43.2506,-93.704
"75641",42.1231,-102.5802
"105552",47.0945,-99.0402
"79839",43.1998,-93.6964
"54176",48.4122,-97.4103
"65804",45.94131,-95.934
"56819",37.4288796,-105.4333369
"56817",40.0156521,-103.2176784
"87770",41.49115,-110.10454
"107703",42.86444,-110.07028
"54174",48.4122,-97.4103
"53683",46.2997,-118.3139
"79840",43.1954,-93.7603
"107702",42.86444,-110.07028
"56338",39.6149831,-104.0438976
"54183",48.4122,-97.4103
"65563",43.15641,-109.86028
"54397",46.2497,-119.4764
"75921",43.7062,-101.5083
"54172",48.4122,-97.4103
"97606",48.4122,-97.4103
"56339",39.1216602,-104.1652837
"65795",42.11056,-109.05112
"54177",48.4122,-97.4103
"107701",39.3675808,-104.4373289
"54179",48.4122,-97.4103
"77916",42.42,-103.6768
"54185",48.4122,-97.4103
"75635",42.547,-100.8161
"56335",40.2502685,-103.7994434
"54180",48.4122,-97.4103
"54393",46.0856,-118.9042
"56337",40.2502685,-103.7994434
"56334",40.2502685,-103.7994434
"77917",42.6691,-103.8823
"54189",48.4122,-97.4103
"87769",46.1043,-110.0152
"UWBM:Mamm:81798",47.59,-119.6
"YPM MAM 001959",42.3372,-108.9375
"YPM MAM 010804",41.6833,-115.5
"YPM MAM 001947",49.6333,-108.6333
"YPM MAM 001757",42.5,-106.6667
"YPM MAM 001760",42.6667,-106.5
"YPM MAM 001758",42.5,-106.6667
"15161",39.160342,-108.680146
"3356",40.60015,-111.431324
"DMNS:Mamm:13038",42.6188,-111.96648
"2107",40.5647812,-105.0569
"8619",41.9763832,-100.5354614
"8620",41.8604774,-100.57444
"13137",43.1724586,-101.6329041
"13139",43.1724586,-101.6329041
"13959",42.6989403,-100.55056
"13960",42.7279129,-100.55056
"7484",49.5,-98.0017014
"5725",45.0318336,-110.7057648
"13518",42.3981628,-121.8825226
"13517",42.3981628,-121.8825226
"13515",42.3981628,-121.8825226
"13426",46.5652885,-100.0914917
"18284",46.2995644,-118.3149796
"8569",51.0499992,-114.0833359
"39480",42.3221283,-111.2976608
"51355",42.7528992,-102.0265427
"351",41.59582,-93.235
"170065",42.3128,-93.49096
"1160",38.9181,-101.1484
"1161",38.9181,-101.1484
"1164",38.9181,-101.1484
"1184",48.3328,-96.8209
"6744",42.4286,-112.1236
"11489",42.796393,-96.324138
"11490",42.796393,-96.324138
"12736",48.944754,-98.997536
"12737",48.944754,-98.997536
"12738",48.944754,-98.997536
"13242",48.944754,-98.997536
"13243",48.944754,-98.997536
"13244",48.944754,-98.997536
"13247",48.944754,-98.997536
"13249",48.944754,-98.997536
"13251",48.944754,-98.997536
"13253",48.944754,-98.997536
"13259",48.944754,-98.997536
"13260",48.944754,-98.997536
"13263",48.944754,-98.997536
"13265",48.944754,-98.997536
"13266",48.944754,-98.997536
"13273",48.944754,-98.997536
"13274",48.944754,-98.997536
"13275",48.944754,-98.997536
"13276",48.944754,-98.997536
"13277",48.944754,-98.997536
"13278",48.944754,-98.997536
"13280",48.944754,-98.997536
"13282",48.944754,-98.997536
"13283",48.944754,-98.997536
"13285",48.944754,-98.997536
"13287",48.944754,-98.997536
"13289",48.944754,-98.997536
"13290",48.944754,-98.997536
"13501",48.944754,-98.997536
"14508",46.44699,-112.65602
"14509",46.2047,-114.0552
"14510",46.1563,-114.1796
"15923",41.19082,-102.97423
"18630",41.22394,-111.10445
"21001",43.61564,-104.5445
"26911",41.38301,-105.58577
"32920",42.48446,-105.81418
"32925",44.80585,-104.99311
"34064",47.1008,-107.3796
"34065",47.1008,-107.8778
"37995",44.17881,-109.6024
"37999",42.183,-109.20678
"38002",41.95966,-108.50838
"38005",41.95966,-108.50838
"41596",42.53341,-109.62849
"41599",43.30726,-107.15504
"41601",43.19372,-107.24564
"41602",43.13577,-107.22589
"41603",43.16475,-107.24564
"41604",43.07058,-107.19625
"41616",41.19168,-108.85583
"41618",40.85113,-108.73267
"41625",42.82637,-106.3194
"43895",42.36797,-107.85222
"45739",40.8175,-115.22195
"45740",40.8175,-115.22195
"45741",40.8175,-115.22195
"45743",40.43417,-115.47417
"45744",40.43417,-115.47417
"45745",40.43417,-115.47417
"45746",40.43417,-115.47417
"45747",40.72861,-115.1975
"45748",40.67064,-115.1975
"45749",40.67064,-115.1975
"45753",40.61487,-115.51028
"45788",40.8175,-115.22195
"62230",42.551482,-107.94294
"62231",42.48032,-107.73487
"68449",41.70768,-107.97339
"70020",40.99729,-105.2167
"73242",42.54722,-100.60087
"73243",42.54722,-100.60087
"74423",42.14861,-97.19332
"98297",45.68249,-103.72789
"100830",43.1885,-100.9042
"103990",41.44102,-92.72836
"112883",43.18658,-101.66727
"112884",43.11415,-101.60789
"115820",45.94622,-103.99099
"115822",45.578991,-103.8482
"115824",45.61587,-103.54593
"119967",41.1962,-94.7344
"122324",43.96692,-101.86584
"122570",46.917526,-102.806005
"122571",47.003,-101.7953
"122573",46.079,-103.9409
"123257",45.8889,-104.30389
"123260",45.57926,-104.26323
"136328",45.07859,-108.40088
"146944",41.44098,-105.62421
"163743",41.44098,-105.62421
"170067",42.16623,-93.482413
"170069",40.360157,-94.892052
"170062",41.360034,-94.604366
"MSB:Mamm:153122",42.4166666667,-112.4333333333
"MVZ:Mamm:21309",38.76806,-119.83944
"Mammal-13762",40.9528792,-107.248917
"Mammal-13764",40.9528792,-107.248917
"Mammal-13765",40.9528792,-107.248917
"Mammal-13767",40.9528792,-107.248917
"Mammal-13768",40.9528792,-107.248917
"14199",49.6666667,-109.5
"19757",41.76667,-107.26667
"20555",41.26667,-110.33333
"20556",41.26667,-110.33333
"20797",41.55,-109.45
"2204240048",49.7166667,-99.6
"29112",49.0333333333,-119.45
"32201",49.95,-97.1166667
"3512130022",40.3833333333,-109.35
"91969",49.75,-109.666666666667
"91979",49.85,-109.466666666667
"91987",49.1,-107.433333333333
"24928",44.757526,-113.25668
"M000434",49.023143,-119.456349
"M001504",49.050278,-113.881389
"M006079",49.023143,-119.456349
"M006080",49.023143,-119.456349
"M006081",49.023143,-119.456349
"M006082",49.068993,-119.48139
"M006083",49.899695,-97.137499
"17526",46.2666667,-119.4833333
"839",37.65,-118.9833333
"6690",43.9639,-106.1992
"65562",41.67306,-107.97861
"53832",48.4122,-97.4103
"54184",48.4122,-97.4103
"107704",42.86444,-110.07028
"54188",48.4122,-97.4103
"42259",43.1292,-94.8989
"54182",48.4122,-97.4103
"87771",41.49115,-110.10454
"54181",48.4122,-97.4103
"60891",43.2534,-91.987
"54187",48.4122,-97.4103
"54175",48.4122,-97.4103
"107705",38.9979357,-104.4433166
"54398",46.2497,-119.4764
"54396",46.2497,-119.4764
"75920",43.7062,-101.5083
"54395",46.2497,-119.4764
"54186",48.4122,-97.4103
"56336",40.2502685,-103.7994434
"75636",42.547,-100.8161
"54178",48.4122,-97.4103
"55694",39.0619,-101.2436
"79842",43.2295,-93.6594
"54394",46.2497,-119.4764
"54173",48.4122,-97.4103
"75919",43.6035,-101.5083
"68485",42.8047,-102.2028
"56816",40.0156521,-103.2176784
"75638",42.1231,-102.5802
"YPM MAM 000364",41.6667,-111.8333
"YPM MAM 003973",45.2164,-112.6367
"422855",48.870305,-104.05188
"29111",50.5833333,-111.8833333
"YPM MAM 013787",41.081298,-105.212754
"48943",45.6624336,-110.5610657
"29110",50.5833333,-111.8833333
"M009298",48.967216,-119.632856
"YPM MAM 007267",41,-109.65
"YPM MAM 007266",41.3167,-110.3836
"18843",42.1105576,-109.4207535
"18844",42.1105576,-109.4207535
"OSUM Mammals 5824",39.0003,-105.5008
"222",38.74,-119.93
"7454",41.03,-120.16
"M001317",51.190988,-114.46786
"M001318",51.190988,-114.46786
"M001321",51.190988,-114.46786
"34357",41.54361,-104.31861
"YPM MAM 014334",48.3153,-100.5867
"YPM MAM 014342",48.3153,-100.5867
"YPM MAM 014340",48.3153,-100.5867
"18842",42.1105576,-109.4207535
"19635",42.1105576,-109.4207535
"OSUM Mammals 3927",47.5003,-100.0007
"M001315",51.190988,-114.46786
"M001316",51.190988,-114.46786
"M001319",51.190988,-114.46786
"M001320",51.190988,-114.46786
"2629",41.55056,-107.43028
"YPM MAM 014341",48.3153,-100.5867
"YPM MAM 014335",48.3153,-100.5867
"YPM MAM 014339",48.3153,-100.5867
"Textbok Bailey V. 1936. The Mammals and Life Zones of Oregon. USDA Bureau of Biological Survey, Washington, D.C., U.S.A.",46.0623208008643,-118.34274203032
"Book Banfield AWF. 1974. The Mammals of Canada. University of Toronto Press, Toronto, CA.",60.1150100226944,-113.607328935482
"Book Fitzgerald JP, Meaney CA, Armstrong DM. 1994. Mammals of Colorado. University Press of Colorado, Niwot, CO, USA.",40.6303812291105,-105.136836575747
"Journal article Gunther KA et al. 2009.  Presence and distribution of white-tailed jackrabbits in Yellowstone National Park. Yellowstone Science 17(1): 24-31.",44.9775366908656,-110.698348710624
"Journal Rogowitz, G.L., J.A. Gessaman. 1990. Influence of air temperature, wind and irradiance on metabolism of white-tailed jackrabbits. Journal of Thermal Biology 15:125-131.",41.6666278940621,-108.917336969326
"USNM museum specimen USNM Specimen 132077 thru 132082 minus 80-81",38.0070589996732,-119.012259000053
"USNM museum specimen USNM Specimen 211795 and 211796",42.1427109997129,-111.128806000097
"USNM museum specimen USNM Specimen 211797 thru 211799",42.1427109997129,-111.128806000097
"Journal article Watkins LC, Nowak RM. 1973. The white-tailed jack rabbit in Missouri. The Southwestern Naturalist 18(3): 352-354.",39.8705876809768,-94.7517987532099
"NA Watkins, L.C., and R.M. Nowak. 1973. The white-tailed jack rabbit in Missouri. The Southwestern Naturalist 18:352-354.",40.3499862299806,-94.866919773129
"iNaturalist NA",43.5525000103672,-114.317327600189
"Book Fitzgerald JP, Meaney CA, Armstrong DM. 1994. Mammals of Colorado. University Press of Colorado, Niwot, CO, USA.",38.3350088841527,-104.74590613506
"Journal article Hansen RM, Bear GD. 1963. Winter coats of white-tailed jackrabbits in southwestern Colorado. J. of Mammology 44(3): 420-422.",38.2247835081524,-106.700160360612
"Journal article Hansen RM, Bear GD. 1963. Winter coats of white-tailed jackrabbits in southwestern Colorado. J. of Mammology 44(3): 420-422.",38.2119344192381,-106.691594301036
"iNaturalist White-tailed Jackrabbit (Lepus townsendii) - Observed by tylerschutz - March 23, 2014, 2014-04-22. Accessed via http://www.inaturalist.org/observations/638726 on 2015-07-09.",37.1149860001039,-113.418689000197
"PreservedSpecimen DMNS:Mamm:3109",39.550052,-105.782069
"PreservedSpecimen DMNS:Mamm:3138",39.55005,-105.782066
"PreservedSpecimen DMNS:Mamm:3141",39.55005,-105.782067
"PreservedSpecimen DMNS:Mamm:3146",39.55005,-105.782069
"PreservedSpecimen DMNS:Mamm:3163",39.55005,-105.782068
"PreservedSpecimen DMNS:Mamm:3112",39.550052,-105.782068
"PreservedSpecimen DMNS:Mamm:3128",39.550052,-105.782067
"PreservedSpecimen DMNS:Mamm:3129",39.550051,-105.782066
"PreservedSpecimen DMNS:Mamm:3135",39.550052,-105.78207
"PreservedSpecimen LACM 93751",38.910832,-104.47233
"UMNH:Mamm:23777",38.1883167,-106.6811165
"Museum specimen AMNH M-123030",39.369772,-108.287752
"Museum specimen AMNH M-123031",39.369773,-108.287752
"Museum specimen AMNH M-123032",39.369774,-108.287752
"Museum specimen AMNH M-123033",37.670004,-106.639764
"Museum specimen AMNH M-40311",44.324326,-117.944647
"Museum specimen AMNH M-40312",44.324327,-117.944647
"Museum specimen AMNH M-90911",48.412211,-97.410634
"Museum specimen AMNH M-93232",41.260774,-111.769938
"Museum specimen AMNH M-28785",37.20496,-105.500548
"Museum specimen AMNH M-28786",37.650891,-105.872992
"Museum specimen AMNH M-28787",38.248601,-105.948658
"AMNH:Mamm:129296",48.41221,-97.41063
"PreservedSpecimen UCM:Mamm:7893",40.073041,-106.102799
"PreservedSpecimen UCM:Mamm:7918",38.644988,-107.58478
"PreservedSpecimen UCM:Mamm:7919",38.644988,-107.58478
"PreservedSpecimen UCM:Mamm:7920",38.644989,-107.58478
"PreservedSpecimen UCM:Mamm:7921",38.644988,-107.58479
"PreservedSpecimen UCM:Mamm:1189",39.328115,-104.462986
"PreservedSpecimen UCM:Mamm:1190",40.075823,-102.22325
"PreservedSpecimen UCM:Mamm:13083",40.545896,-105.118561
"PreservedSpecimen UCM:Mamm:13092",40.507371,-104.701252
"PreservedSpecimen UCM:Mamm:13094",40.481948,-105.235291
"PreservedSpecimen UCM:Mamm:13095",39.824095,-103.503571
"PreservedSpecimen UCM:Mamm:7878",39.058601,-104.562622
"PreservedSpecimen UCM:Mamm:7879",38.824196,-104.576111
"PreservedSpecimen UCM:Mamm:7880",39.028469,-104.484128
"PreservedSpecimen UCM:Mamm:7894",40.073042,-106.102799
"PreservedSpecimen UCM:Mamm:7916",40.521753,-105.087161
"PreservedSpecimen UCM:Mamm:7917",40.521754,-105.087161
"UCM:Mamm:7909",37.65089,-105.87299
"UCM:Mamm:7910",37.65089,-105.87299
"UCM:Mamm:7911",37.65089,-105.87299
"UCM:Mamm:1194",39.3472,-104.46441
"UCM:Mamm:1195",39.3472,-104.46441
"UCM:Mamm:7888",38.15999,-108.3748
"UCM:Mamm:7889",38.2486,-105.94865
"UCM:Mamm:7890",38.2486,-105.94865
"UCM:Mamm:7891",38.2486,-105.94865
"UCM:Mamm:7892",38.2486,-105.94865
"UCM:Mamm:7907",37.65089,-105.87299
"UCM:Mamm:7908",37.65089,-105.87299
"UMZM:Mamm:16871",47.495857,-112.394991
"UMZM:Mamm:15352",45.457108,-112.196272
"UMZM:Mamm:5186",44.177255,-96.104136
"UMZM:Mamm:14068",48.1043469,-103.7520337
"UMZM:Mamm:3610",46.85257,-113.963656
"UMZM:Mamm:19000",46.448184,-108.541877
"UMZM:Mamm:426",47.297913,-105.762509
"UMZM:Mamm:15911",45.125398,-112.565464
"UMZM:Mamm:12459",47.3047077,-108.9586423
"UMZM:Mamm:15683",45.2171903,-112.5988523
"USNM museum specimen 131881",38.0070589996732,-119.012259000053
"USNM museum specimen 147185",42.5382750002911,-110.114324999799
"USNM museum specimen 16227",46.8266600001589,-100.889576000132
"USNM museum specimen 189022",46.4063549998834,-105.842211000237
"USNM museum specimen 189023",46.4063549998834,-105.842211000237
"USNM museum specimen 203176",42.7240729996693,-114.518652999936
"USNM museum specimen 263407",43.7242119995842,-98.2212979998028
"USNM museum specimen 4242",42.5570009995965,-106.033124999919
"USNM museum specimen 61366",45.0113789996412,-96.1932180003104
"USNM museum specimen 61366",45.0113789996412,-96.1932180003104
"USNM museum specimen 61367",45.0113789996412,-96.1932180003104
"USNM museum specimen 61367",45.0113789996412,-96.1932180003104
"USNM museum specimen 102095",38.9900320002766,-99.8124939997982
"USNM museum specimen 150972",39.0334529998561,-104.596023999608
"USNM museum specimen 159379",49.0323039997298,-119.468162999823
"USNM museum specimen 159379",49.0323039997298,-119.468162999823
"USNM museum specimen 211800",42.0712969997568,-115.159503000263
"USNM museum specimen 234187",46.2069000002349,-119.76559999974
