orycun_location,wtjr_location
2:36198394,342:47124004
2:36337394,342:46991691
2:36337692,342:46991393
2:36339237,342:46989842
2:36345330,342:46983691
2:36355364,342:46972767
2:36357641,342:46970080
2:36361155,342:46966737
2:36370674,342:46958289
2:36371255,342:46957711
2:36447917,342:46879687
2:36457059,342:46871251
2:36457316,342:46870994
4:5424640,245:24236852
4:5431934,245:24229551
4:5433246,245:24228244
4:5434348,245:24226798
4:5436267,245:24225226
4:5438311,245:24222426
4:5439658,245:24221492
4:5440519,245:24220190
4:5445968,245:24211740
4:5457518,245:24204540
4:5461010,245:24200684
4:5464507,245:24197147
8:79633762,311:3467105
8:79646450,311:3456263
8:79646532,311:3456181
8:79648139,311:3454568
8:79695542,311:3419309
8:79695631,311:3419220
8:79701598,311:3413288
8:79713008,311:3402184
8:79721287,311:3399522