location,scaffold,position,AMNH-123030,DMNS-1179,DMNS-16612,DMNS-1679,DMNS-1704,DMNS-1705,DMNS-1774,DMNS-1775,DMNS-1776,DMNS-18790,DMNS-18791,DMNS-18792,DMNS-18793,DMNS-18794,DMNS-18795,DMNS-18796,DMNS-18797,DMNS-18798,DMNS-18799,DMNS-18800,DMNS-18801,DMNS-18802,DMNS-18803,DMNS-18804,DMNS-18805,DMNS-18806,DMNS-18807,DMNS-18808,DMNS-2245,DMNS-3109,DMNS-3112,DMNS-3114,DMNS-3115,DMNS-3120,DMNS-3122,DMNS-3128,DMNS-3129,DMNS-3132,DMNS-3133,DMNS-3134,DMNS-3135,DMNS-3138,DMNS-3141,DMNS-3146,DMNS-3163,DMNS-3168,DMNS-3182,DMNS-4070,DMNS-4086,DMNS-4087,DMNS-4088,DMNS-4089,DMNS-4312,DMNS-4313,DMNS-4319,DMNS-5676,DMNS-5677,DMNS-5678,DMNS-5679,DMNS-5680,DMNS-5681,DMNS-5682,DMNS-5736,UCM-1194,UCM-13095,UCM-7879,UCM-7880,UCM-7888,UCM-7890,UCM-7892,UCM-7909,UCM-7911,UCM-7916,UCM-7918,UMNH-23776,UMNH-23777,UMNH-23778,UMNH-23779,UMNH-23784,UMNH-23790,UMNH-23804,UMNH-23805,AMNH_120584,AMNH_123864,AMNH_123867,AMNH_129296,AMNH_33599,AMNH_90911,DMNS_11073,LTW_COL_4140,LTW_NDK_4143,LTW_NDK_4144,LTW_NDK_4145,LTW_NDK_4146,LTW_NDK_4147,LTW_NDK_4148,LTW_NDK_4149,LTW_NDK_4150,LTW_NDK_4151,LTW_NDK_4152,LTW_NDK_4153,LTW_NDK_4154,LTW_NDK_4155,LTW_NDK_4156,LTW_NDK_4157,LTW_NDK_4158,LTW_NDK_4159,LTW_NDK_4160,LTW_NDK_4161,LTW_NDK_4162,LTW_NDK_4163,LTW_NDK_4164,LTW_NDK_4167,LTW_WYO_4168,LTW_WYO_4169,LTW_WYO_4170,LTW_WYO_4171,LTW_WYO_4172,LTW_WYO_4173,UCM_13087,UCM_13103,UCM_13104,UCM_13107,UMNH_18886,UMNH_20224,UMNH_21749,UMNH_22367,UMNH_23773,UMNH_23774,UMNH_23775,UMNH_23780,UMNH_23781,UMNH_23782,UMNH_23783,UMNH_23798,UMNH_23807,UMNH_23808,UMNH_24500,UMNH_24501,UMNH_24506,UMNH_7018,UMNH_7019,UMNH_9544
342_47124004,342,47124004,1.4441149,0.15838629,2.710357e-06,0.9036289,0.9984469400,0.38739810,0.5594832,1.1260877,0.39042580,1.7329574,1.5791436,1.57593940,9.269205e-06,1.579392,1.7283770,0.57895166,1.7345957,1.9184657,1.5790911,1.8489141,1.1466388,1.1649200,1.5519983,1.1620563,0.2547875,1.848197,1.1958421,1.0998822,0.8897915,1.9508221,0.3804133,0.04318498,0.42014050,1.4391229,0.83329260,0.4301628,1.54794810,0.26887630,0.26827767,0.1539399,0.41860452,1.09366740,1.7063060,1.4545685,1.6048614,0.08529012,0.84687907,0.4214603,0.2661597,0.15148026,0.04259929,0.83722400,0.12980652,1.4698857,1.5422999,0.2283251,1.0867367,1.4748755,0.5413329,0.53777840,1.54284140,0.9984645,0.9181863,0.08774476,0.8802072,0.43474457,0.8864673,1.6440406,1.0863452,0.38487580,0.8901303,1.0711275,0.9214984,1.0982045,1.157919,1.731925,0.580029200,1.8480364,0.5811923,0.9775365,1.1382504,1.1493325,1.33877830,0.2957427,0.9859149,1.7754076,1.3366946,1.4636837,1.96999700,0.8433710,0.01797751,1.2076770,0.04388741,0.01037060,0.01719483,0.9999712000,0.2355698,0.0141116320,0.97532800,0.41084284,0.36561576,0.05853565,1.554230200,0.9998752,0.10370342,0.2807404,0.5394236,1.2534051,0.9999770,0.9281266,1.257512,0.082056600,0.08957660,0.117069760,0.03239976,0.016368170,0.209796340,0.004073449,0.062272973,0.9850945,0.3524006,0.7095085,0.7173091,1.9452194,1.3458482,0.06768828,1.3473495,0.3589242,1.0629759,1.0587236,1.5233161,1.9005905,1.81885330,1.0626224,1.8990693,1.5221425,0.5266618,0.3691723,0.3682210,0.22627910,1.3263576,1.3511662,1.5506436
342_46991393,342,46991393,1.3109510,0.05822198,4.074911e-06,0.6509774,0.0965916700,0.01318821,0.5986660,0.1753948,0.17563789,1.0002570,0.9633948,0.09444833,1.315633e-05,1.454669,0.5921509,0.04961349,0.1724590,1.4531859,1.2764084,0.5866342,0.5919003,1.4538459,0.1765185,0.9634718,0.2949405,1.276422,0.8667307,0.1775993,1.6604534,0.6046119,0.1773933,0.05883453,0.11105477,0.6533448,0.33405855,0.6615232,0.30185625,0.33284550,0.19938152,0.6658460,0.11121451,0.17812331,1.2861650,0.6461152,1.3156798,0.33148020,0.19931571,0.1109061,0.1998429,0.20051165,0.01544502,0.33358060,0.17858714,1.3044428,0.9648468,0.6071127,0.1787082,0.6365833,0.9650671,0.09869861,0.30228716,0.1797588,0.6474384,0.19732095,0.6566713,0.19734932,0.6551494,0.6396781,0.6065580,0.05089235,0.6542590,0.6102575,0.6466332,0.6036750,1.454503,1.455347,0.049561575,1.7688978,0.9296493,0.2947381,1.2800472,0.5912454,0.06349904,0.3635058,0.3615166,1.3572178,0.9776006,1.3571073,0.01404707,0.6656265,1.55096850,1.7117056,0.03541001,0.98979170,1.55296720,0.0187853260,1.3736218,1.5611190000,0.13627484,0.23868422,0.03856002,1.38266130,0.018611794,0.7560497,1.56072250,0.7341729,0.7395177,1.3671260,1.8226974,0.9998754,1.540936,0.035595560,0.12643586,0.063340840,0.01658480,0.119034156,0.119106480,0.703575550,0.002107659,0.6311725,0.3497311,0.6981692,0.6962727,1.5186204,1.3448756,0.20918983,1.3335218,0.9571674,1.4687148,0.6132730,0.6152089,1.4687752,0.09943266,0.6123252,1.0002635,1.3014842,0.0998467,0.6911919,1.5139008,0.69121620,1.3496062,1.3435820,0.6859229
342_46989842,342,46989842,1.3898149,0.14277124,2.001198e-05,0.7995273,0.0203585120,0.39944485,0.1425536,0.7987962,0.39943457,1.0001051,1.7267236,0.79868640,1.342214e-06,1.914073,0.7987321,0.39937776,0.2494822,1.5706949,0.9136978,0.9136964,1.5706573,0.9768575,0.1425587,0.7986780,0.3993818,1.841739,1.8417114,0.3994729,1.3898385,1.3894855,0.7988744,0.07688264,0.79973600,1.5708890,0.39991100,0.7996698,0.03990971,0.39988744,0.07687903,0.1427851,0.07688341,0.14257465,0.9768689,1.3897800,0.7996467,0.24987464,0.39988866,0.2498896,0.2498922,0.39991110,0.24990384,0.14278947,0.24957484,0.7993643,1.5705531,0.2495801,0.9770291,1.3897125,1.3895057,0.24959122,0.79889890,0.3995149,0.7994794,0.24985510,0.7996042,0.79963964,0.7995837,0.7993745,0.7989268,0.79884360,0.7995716,0.3995201,0.7994685,0.7988879,1.389376,1.726739,0.039893582,1.3893635,1.3953536,0.7986955,1.3894095,1.3893905,0.80023533,1.3963104,0.8004994,1.7274916,0.2500934,1.3962896,0.79919380,0.7997252,1.84238770,1.5719069,0.04005713,0.99988200,1.57191420,0.0400785250,1.3965120,0.9998820400,0.25046050,0.99484104,0.14318500,0.98148274,0.002602054,0.2503665,1.00037870,1.5717443,1.3963975,1.7275962,1.8422892,1.0004725,1.842317,0.040059872,0.25024650,0.076953390,0.02041583,0.142908720,0.076953135,0.076956250,0.020416355,0.7992595,0.8001810,0.4001652,0.8001394,1.5714730,1.7273574,0.40012360,1.7273533,0.7990249,0.2496072,0.1426039,1.5709236,0.7990065,0.79900990,0.7990047,0.9908634,1.3955442,0.2496200,1.0003418,0.8000771,0.40011823,1.3961889,1.3961078,1.3960280
342_46983691,342,46983691,1.6321931,0.29331115,2.462303e-05,0.3005881,0.0593162630,0.20142643,0.6712498,0.3368314,0.20216493,1.0001650,0.6865510,0.68450830,3.805516e-03,1.342180,1.3398556,0.20624383,0.3427053,0.6877506,0.6865175,0.6873744,1.3400235,1.6763322,0.3351897,0.6853399,0.3415863,1.339885,0.9976267,0.1994273,1.4595501,1.3314995,0.6658803,0.29000598,0.04862488,0.5979722,0.09228876,0.2935453,0.19922781,0.29157504,0.17041284,0.2906237,0.28975543,0.19869947,0.3329877,1.6358023,1.2944825,0.04915338,0.17049685,0.5813425,0.1698245,0.02478605,0.16880946,0.09254994,0.05815171,1.6410351,0.3315703,1.0001564,0.6608009,0.6204351,0.6594279,0.02967440,0.33174238,0.3284371,0.1785085,0.29506627,0.5935141,0.17301650,0.5955537,0.3081604,0.6606733,0.20080940,0.5967470,0.6557155,0.6069667,0.6645371,1.341862,1.509073,0.115117190,1.5109600,1.5104624,1.3416691,0.6775839,0.3406185,0.26550110,0.4994231,0.5047523,0.5031731,0.5296184,0.5034618,0.10401099,0.5815129,1.19741580,0.4506741,0.03814986,0.99882650,0.44925758,0.0091260980,0.9973382,0.1198717060,0.43648213,0.97825164,0.42586145,0.03372220,0.002336337,1.0002166,0.99708900,0.4896506,0.2412690,0.4772427,1.7217314,0.2333610,1.239306,0.001226342,0.07518067,0.022178873,0.08347398,0.043458723,0.083215766,0.043192767,0.266440240,0.6276861,0.2681959,0.5379009,1.2697234,0.5350023,1.4223600,0.08585125,1.4229530,1.3251080,1.4923112,0.3258875,0.6490798,1.3260189,0.10796884,0.6529446,0.9983464,0.9993600,0.1939571,0.1584947,1.2728268,0.27364296,1.4146343,0.5388029,1.2766776
342_46972767,342,46972767,1.5023471,0.00198823,0.000000e+00,0.3355977,0.0004700063,0.65007250,0.3249616,0.6491659,0.02917704,0.9978324,0.9989524,0.96796460,9.490676e-04,1.308117,0.6472365,0.19261643,0.6457010,1.3076507,0.6452533,0.9679026,1.4888726,1.3078921,0.6504874,0.9679467,0.3231593,1.487668,1.0002158,0.1078200,1.6695576,0.1079398,0.3257763,0.06018989,0.06017219,1.3305404,0.20412943,0.6754423,0.32598130,0.06007841,0.67683830,0.3386209,0.33888438,0.65237045,0.3262849,1.5013410,1.6706833,0.11319500,0.11336407,0.6771623,0.2038587,0.20413429,0.20418519,0.33888012,0.32647607,1.6664678,0.6523578,0.9389884,0.6530555,0.6653020,0.9685008,0.32710648,0.10792891,0.1955557,0.6697155,0.05980300,0.6734696,0.33728915,0.6728508,0.6665604,0.3286471,0.10756520,0.6724887,0.6545983,0.6693882,0.6519219,1.884183,1.487985,0.106531225,0.6453235,0.6455957,0.6461368,0.6479636,0.3234529,0.69245400,0.3510681,0.7003989,0.7008781,0.6928548,1.6833093,0.10988058,0.6771107,1.52701500,1.9470234,0.06402354,1.35042230,1.52784490,0.0021703718,0.9889734,0.9782440000,0.21992216,1.35505530,0.36223164,0.97812650,0.017039023,0.9566054,0.06613515,1.3474233,0.3536381,1.8145114,1.6852903,0.1214086,1.686704,0.215212270,0.35238165,0.001032574,0.11669826,0.008193707,0.008196001,0.209384080,0.016259238,0.6631021,0.2087552,0.6903421,0.6895710,1.3403600,0.6910930,0.68783736,1.3401456,1.4939731,0.6554041,0.1961063,1.7963458,0.6554920,0.32784780,1.3219553,0.3282128,1.3226775,0.3282471,0.9541358,1.3385476,0.34381473,0.6948414,1.3397678,0.3427382
342_46966737,342,46966737,1.3492140,0.03101458,7.500476e-06,0.2152722,0.1579957200,0.08577589,0.8588644,0.8639487,0.15919396,1.6137561,1.4379672,0.98066900,0.000000e+00,1.436121,0.9804748,0.09043238,0.4442580,1.4393047,0.8915971,0.9809066,1.6100438,0.4455783,0.1572051,0.4456370,0.4425093,1.616556,1.6266038,0.8456447,1.6824095,0.8417808,0.4237131,0.05839062,0.19910498,1.3457725,0.65943664,0.6782651,0.04367760,0.66944003,0.20062143,0.3329427,0.19836311,0.15362933,0.4201186,1.3491652,1.3282075,0.20273319,0.66892654,0.6661107,0.3323780,0.02982263,0.10926832,0.33114365,0.41876805,1.5418204,1.5919625,0.9985557,0.8364629,0.9997716,0.9577500,0.82855546,0.26667324,0.1500482,0.7187333,0.34263027,0.6922057,0.20651105,0.6965783,0.7410302,0.8361894,0.27140110,0.6991367,0.8255601,0.7210467,0.8444729,1.613992,1.760056,0.285080280,1.8653907,1.4366713,1.6135943,0.8724442,1.6109531,0.55805147,0.9810659,0.5019080,0.4985222,0.5552189,0.1425744,0.01956509,0.6664762,1.00078200,1.3233202,0.22632672,1.81340630,0.05589151,0.1979427500,0.9759418,0.0007928551,0.05127882,0.18219478,0.09074072,0.17782820,0.060323070,0.1131733,0.16996977,1.2251025,0.1280849,1.2109843,0.4695329,0.9998244,1.000001,0.066827720,0.13376029,0.046525314,0.16439417,0.281442460,0.012062662,0.011931249,0.006069915,0.7654676,0.5696029,0.2865251,0.5784242,1.6126752,1.6132051,0.59067494,0.5697125,1.4038543,1.4061579,0.8168961,1.5771350,0.8192458,0.40935165,0.8196194,0.9951812,1.4009818,0.2550518,0.9709532,0.5916939,0.09531058,1.2627397,0.5749095,0.6081609
342_46958289,342,46958289,1.3555248,0.12881010,1.477073e-04,0.7344977,0.1169480160,0.03204721,0.6922257,0.6907958,0.34570430,0.9705812,0.2059055,1.33676890,3.345047e-05,1.675223,1.3302214,0.34231156,0.3419764,1.5082825,0.9704750,0.2057251,1.3301133,0.9962438,0.6934225,0.6837298,0.2066560,1.330860,0.9846757,0.6959439,0.7372161,1.3355955,0.2104539,0.12976965,0.03591928,0.7364107,0.37418450,0.1287494,0.34816164,0.12934637,0.37292364,0.7465128,0.12984258,0.34860492,0.9713834,0.7305687,1.3592905,0.22855388,0.03582075,0.2294183,0.2295666,0.74833095,0.37438074,0.22983591,0.34914490,0.7247609,0.9980664,0.9884698,0.2115768,1.3462450,0.9719509,0.21239355,0.69693210,0.9999655,0.7316378,0.22742559,1.3579483,0.22744969,0.7378691,0.9475160,0.6986031,0.69362930,0.7371495,0.7015927,0.7309872,0.6962735,1.509545,1.509908,0.004045999,1.3281898,0.9705185,0.3424093,0.6884065,1.3298308,0.77682990,0.9997087,0.7926204,1.7246112,0.7776266,1.3926599,0.06496982,0.7463353,1.73663660,1.8489385,0.40332705,0.99114436,1.40932520,0.0213591600,1.0000031,1.0005205000,0.83378590,1.40985010,0.26589495,1.74091540,0.257403760,0.9821572,0.99161065,0.8017264,0.4043933,1.7310566,1.7279876,1.0000031,1.575313,0.145039950,0.40060955,0.136772170,0.03803141,0.019405993,0.073390630,0.038189960,0.136734600,0.7184939,0.3868666,0.3863921,0.3856255,0.7743803,0.7741250,0.76765454,1.3825259,1.0002440,0.9887049,0.7040294,1.5215083,0.7033687,0.11946377,1.3452312,1.3474439,0.7060499,0.3526392,0.7669944,1.5545226,0.76701390,1.5619078,1.3817791,0.7627366
342_46957711,342,46957711,1.9100611,0.13632181,3.074826e-04,0.7748089,0.1374324400,0.38928030,0.7785339,0.7786599,0.38933465,0.9998090,1.3883489,0.38964900,0.000000e+00,1.718582,0.9998087,0.38963360,0.2419496,1.3855193,1.5604780,0.7793908,1.3790269,0.3897436,0.1374144,0.9987628,0.7791652,1.910840,0.9998098,0.7782063,1.5579959,0.7781106,0.3891540,0.13623469,0.13624078,1.5582400,0.77359134,0.2399442,0.38911808,0.13627307,0.38693598,0.7737502,0.38685814,0.24149929,1.3785291,1.7168354,0.7741801,0.38700846,0.38694250,0.7737567,0.3868903,0.77358990,0.23975456,0.23979107,0.24146265,0.7756669,0.7781009,0.9998525,0.9993476,0.9758930,1.3784423,0.77778274,0.77811920,0.9528020,0.3883167,0.13636810,0.7744034,0.13636670,0.3873527,0.7756135,0.7779720,0.13740987,0.7745752,0.7777085,0.7751182,0.7781773,1.379130,1.560663,0.241939350,1.3791939,1.3791687,1.0003426,0.7788705,0.2418708,0.77107865,0.7694039,0.7696871,0.7696032,0.7710084,1.5556977,0.13695046,0.7737658,1.71333300,1.3790838,0.13494360,0.99969170,1.55419370,0.1345968500,0.9801462,1.0000000000,0.03735085,1.37880990,0.07193273,0.99017850,0.037451066,0.9844399,0.99933004,1.3801421,0.7685041,1.7138582,0.7688847,0.9999959,1.713917,0.237729390,0.03757075,0.019233204,0.03774679,0.135618360,0.009709368,0.019229164,0.135613860,0.7762192,0.2389100,0.7714484,0.7715835,1.7151803,1.7151862,0.38601920,1.5566095,0.7774553,1.0004443,0.3888239,0.7773560,1.3845699,0.77753425,0.7775613,0.3887802,1.3844492,0.3887742,1.5569515,1.5569344,0.38604748,0.7706604,1.7152634,1.3818976
342_46879687,342,46879687,1.4000140,0.25308296,0.000000e+00,0.8190010,0.0881282240,0.43637678,0.8725637,0.8743756,0.87365526,1.4329998,1.4341091,0.98048930,2.272490e-05,1.759732,0.9803529,0.88225170,0.8831011,1.6135651,0.9951203,1.0055800,0.8794913,0.8840419,0.4355634,0.8833292,0.8816404,1.863755,1.0005003,0.8678526,0.8155566,0.2765139,0.4348843,0.40144850,0.80318590,1.4044813,0.80149280,0.8082028,0.27690235,0.25197503,0.40237594,0.4027466,0.25095397,0.08718745,1.4245466,1.5832666,0.2538984,0.25264716,0.25190336,0.1438440,0.2513157,0.40076830,0.14313653,0.40126777,0.16001683,1.4064926,0.8663375,0.9999109,1.7528390,0.8337393,0.9994531,0.15914898,0.04560658,0.8614863,0.4113465,0.40531504,0.8131709,0.02084759,0.8147292,0.9992972,0.8644830,0.27827203,0.8156409,0.8606950,0.8234490,0.8674349,1.612124,1.611725,0.283166000,1.6129683,1.6124879,0.2828712,0.8774032,1.4319782,0.76536167,0.9896261,0.7453536,0.7441470,1.3778257,1.3676051,0.42222542,0.8040015,1.52219840,1.6848438,0.01756224,0.21917255,1.68433140,0.0640475600,0.9900765,1.0000000000,0.34665470,0.34822700,0.34259573,0.69322420,0.004301155,0.9563822,1.00022100,1.5367763,0.3642370,1.5317302,1.8225855,0.9999955,1.695208,0.124507405,0.36740120,0.383376800,1.00000500,0.037426920,0.072108330,0.071883194,0.037406936,0.8392795,0.2381865,0.2386473,0.7726220,1.3799279,1.3800932,0.77698780,0.9939370,0.8570552,1.4259142,0.4289021,1.5992099,1.6005920,0.85818900,1.7505544,1.4247365,0.9919129,0.4281873,0.2413936,1.5597606,0.24138406,1.5503207,1.5566517,1.7202609
342_46871251,342,46871251,1.7270293,0.24458945,3.051959e-04,0.7994450,0.0231765710,0.15953530,0.4319715,0.8659179,0.27593464,1.4294038,1.0001199,0.99756460,7.219174e-04,1.757217,1.0000635,0.87537230,0.4382362,1.4313090,1.4368182,0.9921277,1.6072444,1.4306031,0.4309999,0.2806786,0.4373593,1.862198,1.8643634,0.8580874,1.5689081,0.4282551,0.8588180,0.13781560,0.01960594,1.3882428,0.39000833,0.3932718,0.15801011,0.24327947,0.13837223,0.2426837,0.38981820,0.08556607,1.5992489,1.3929094,1.5652586,0.39241284,0.78248763,0.2427275,0.1379780,0.13740826,0.24144691,0.38983107,0.42733170,1.9564751,0.8562688,0.8533605,0.9833668,1.5798204,0.4264876,0.42542553,0.27249718,0.9916539,0.8037949,0.14014481,0.7924463,0.39464083,0.7943170,0.9646997,0.8540424,0.43084255,0.7954114,0.8494952,0.8047846,0.8575862,1.429513,1.428995,0.163046600,1.8621545,0.9993604,0.9831545,0.8695521,0.9839789,1.36283830,1.5218619,0.7110373,1.3497874,0.3669887,0.7098537,0.08141455,0.7814394,1.98455260,0.9998393,0.06176422,0.03115884,1.66339390,0.0004868952,0.9878265,1.0007509000,0.10709133,0.05703533,0.05539521,1.31835930,0.030598482,1.3296041,0.32091743,0.6971865,0.6906170,1.9962698,1.8106503,0.9879888,1.511849,0.031654317,0.34916455,0.067919254,0.99993414,0.035192903,0.035164750,0.017824862,0.004535921,0.8237876,0.7399971,0.3707885,0.7437708,1.7008761,0.7391698,1.00041060,0.7400440,1.4190235,0.9831279,0.2681420,1.4181496,1.4198726,0.15501600,1.4199541,1.4185934,1.4177966,0.4221315,0.1304361,0.7494476,0.74998605,0.7278380,1.8252186,1.3738073
342_46870994,342,46870994,0.7796861,0.38939310,6.203951e-04,0.7796893,0.0197793800,0.13899332,0.7847854,0.7849579,0.24412146,0.9990190,0.7858977,1.00020550,6.288095e-04,1.564140,0.7854202,0.78570720,0.3929731,0.7859849,1.3926220,1.3928764,0.7854445,1.3928365,0.3923509,1.3926461,0.7856491,1.564199,1.3931758,0.3921989,1.3895767,1.7206793,0.7843951,0.24151948,0.38912198,0.7794587,0.38904142,0.7786620,0.24389225,0.13739802,0.38919342,0.2415541,0.24150544,0.07460694,1.3907675,1.3899500,0.3894442,0.77852580,0.07376375,0.3891546,0.3891309,0.13731301,0.24145615,0.13733667,0.13882253,1.9110987,1.3919939,0.3920115,1.0000004,1.3822526,0.9995074,0.78375780,0.39213932,0.7837315,0.7800341,0.38947300,0.7791346,0.38951680,0.3898920,0.7807900,0.7840166,0.24401581,0.7793697,0.7836562,0.7801125,0.7842976,1.721314,1.564065,0.785751700,1.3928368,0.9999938,0.3928722,0.7852458,0.7855084,1.38702640,0.9982492,0.7726823,1.5572952,0.3873212,0.7725884,0.39112452,0.7782623,1.97560190,1.0154778,0.77101070,0.13536792,1.95232690,0.0006097258,1.5556719,1.5544555000,0.07224745,0.07228984,0.76694745,1.00049630,0.037614767,0.2381769,1.38332330,1.3855238,1.3852631,1.3746359,1.5567865,0.9996125,1.556414,0.072679790,0.23902538,0.387428500,1.71668710,0.073247930,0.004915297,0.019368932,0.240199690,0.7816186,0.7749776,0.3876224,0.7752767,1.3871744,1.3870325,1.00050120,1.3869585,1.3913945,0.7834631,0.7833625,0.7831739,0.7834421,0.39178738,0.7834548,1.0010260,1.3909022,0.2434784,0.3879624,0.7757266,0.24060236,0.7740139,1.3873128,0.7762850
