"thin_dist","features","rm","train.AUC","avg.test.AUC","var.test.AUC","avg.diff.AUC","var.diff.AUC","avg.test.orMTP","var.test.orMTP","avg.test.or10pct","var.test.or10pct","AICc","delta.AICc","w.AIC","parameters"
"0km","L",0.5,0.853917682926829,0.849940641610039,0.00104131808273116,0.0126752386309466,0.000488151299818949,0.00176056338028169,1.23983336639556e-05,0.111083499276178,0.000758419831264436,40725.3165460774,0,1,14
"0km","L",1,0.853616387195122,0.849253471195222,0.00111608453954873,0.0130540262195734,0.000522772444063962,0.00117370892018779,5.51037051731358e-06,0.109057800088009,0.000910347371305581,40820.8368171817,95.5202711043239,1.81149306080895e-21,14
"0km","L",1.5,0.853055335365854,0.848414700482639,0.0011916813507277,0.0132458591343312,0.00055286760782647,0.00117370892018779,5.51037051731358e-06,0.110815587457439,0.000885276429062888,40932.9344225307,207.617876453354,8.24804375026546e-46,12
"0km","L",2,0.85088506097561,0.846040167811709,0.00118829387856274,0.013770159504643,0.000621443283328605,0.00117370892018779,5.51037051731358e-06,0.112515035352539,0.000892177372996387,41096.5939180296,371.277371952267,2.38859793656635e-81,13
"0km","L",2.5,0.847446265243902,0.843270686369507,0.00112306526717433,0.0137103463933492,0.000636390849228742,0.00117370892018779,5.51037051731358e-06,0.108506572473406,0.0009148436298309,41235.7350438906,510.418497813203,1.45891997049598e-111,10
"0km","L",3,0.846405411585366,0.842061513330783,0.00117619147000818,0.0137158075144163,0.000630907242323149,0.00176056338028169,1.23983336639556e-05,0.108060866220825,0.00114922917579194,41287.0355275751,561.718981497746,1.05748198507208e-122,9
"0km","L",3.5,0.845301600609756,0.84086829073001,0.0012109812363161,0.0139810125180573,0.000637273473320185,0.00117370892018779,5.51037051731358e-06,0.110827531717777,0.0015759237389811,41344.4002813484,619.083735271022,3.69551498691708e-135,9
"0km","L",4,0.844024618902439,0.839513121196268,0.00128309176618916,0.0144023572419422,0.000665451457003954,0.000586854460093897,1.3775926293284e-06,0.113316097765665,0.00162309267805331,41411.0541987762,685.737652698852,1.2415399530077e-149,10
"0km","LQ",0.5,0.898712195121951,0.896205656684725,0.000471991131917879,0.00834710061821486,0.000213394696903646,0.00149265156154317,3.24194333483568e-06,0.0997685634811077,0.000471910939945489,39323.4039466224,0,1,22
"0km","LQ",1,0.893596722560976,0.89144321185238,0.000534442473704165,0.00861187555846243,0.000226557301016161,0.000586854460093897,1.3775926293284e-06,0.0977285826644136,0.000735139888359393,39526.5034757577,203.099529135223,7.89764502649264e-45,17
"0km","LQ",1.5,0.892575,0.890054889820479,0.000473117065929074,0.00873870806463348,0.000234279351728064,0.000586854460093897,1.3775926293284e-06,0.0983783092397009,0.000615951839189288,39643.7769655902,320.373018967781,2.70322911166053e-70,15
"0km","LQ",2,0.891596227134146,0.889147630432044,0.000463407778366798,0.00874223746945765,0.000237225725133317,0.000586854460093897,1.3775926293284e-06,0.100667387605746,0.000627195909933319,39774.404566975,451.000620352606,1.16535870057159e-98,14
"0km","LQ",2.5,0.891410708841463,0.889127802194008,0.000474479839140989,0.00870961758009092,0.000241540244056355,0.000586854460093897,1.3775926293284e-06,0.101305272888457,0.000702402907893965,39835.0718238248,511.667877202402,7.81145943703298e-112,13
"0km","LQ",3,0.891271760670732,0.889010788854658,0.000475843196571396,0.00869369999190536,0.000247450516453555,0.000586854460093897,1.3775926293284e-06,0.107469711827009,0.000499359095425193,39906.0644581102,582.660511487753,2.99831680546498e-127,13
"0km","LQ",3.5,0.890996608231707,0.888724154867488,0.000481074783913163,0.00868789629308581,0.000254848559579273,0.000586854460093897,1.3775926293284e-06,0.101470103681122,0.000441257691357578,39978.9231481925,655.51920157011,4.52703641822943e-143,11
"0km","LQ",4,0.890770388719512,0.888365779826857,0.00048695518313936,0.00867704433876459,0.000263489798125146,0.000586854460093897,1.3775926293284e-06,0.10099992816969,0.000569338016602347,40027.9839736622,704.58002703981,1.00552089244903e-153,11
"0km","H",0.5,0.939764634146341,0.928679058380414,0.000264901041124836,0.0113880671453279,0.000331462198652379,0.00181159420289855,1.31274942239025e-05,0.12864026046066,0.000247054497693557,36044.9354109702,0,1,131
"0km","H",1,0.929001067073171,0.920964829393952,0.000380755383930202,0.0104521369199516,0.000412923814290291,0.00181159420289855,1.31274942239025e-05,0.132005724678045,0.00112196313441408,36508.7312766354,463.795865665212,1.94091897582215e-101,90
"0km","H",1.5,0.924683155487805,0.917499650808725,0.000434304609336299,0.00997753434657392,0.000412530131349217,0.00181159420289855,1.31274942239025e-05,0.131682249395826,0.000902935722729579,36839.1281074315,794.192696461381,3.49339085871729e-173,70
"0km","H",2,0.921864481707317,0.915682821215964,0.000418879523897891,0.00956350752336757,0.000382708753625578,0.00181159420289855,1.31274942239025e-05,0.125443731330915,0.000828992167752581,37054.0190711971,1009.08366022696,7.59044595445099e-220,52
"0km","H",2.5,0.919610289634146,0.913837477547468,0.00040748967371186,0.00954595945112163,0.000367569852562623,0.00181159420289855,1.31274942239025e-05,0.119077028699669,0.000923912485811687,37264.0853257871,1219.14991481695,1.84060115870685e-265,49
"0km","H",3,0.917552134146342,0.911861731745587,0.000401271924313439,0.0095650154681427,0.000362552516665651,0.00181159420289855,1.31274942239025e-05,0.11573924839465,0.000793436360119318,37453.9449719578,1409.00956098766,1.09008749356848e-306,43
"0km","H",3.5,0.915894054878049,0.910153901795486,0.000399032195253073,0.00961375159723213,0.000358872111087939,0.00181159420289855,1.31274942239025e-05,0.111794341336647,0.000546602002068784,37630.7409435785,1585.80553260837,0,39
"0km","H",4,0.914421493902439,0.90872768786674,0.000388532016843792,0.0095970107095269,0.000344861884743341,0.00181159420289855,1.31274942239025e-05,0.11255168157887,0.000675993546464088,37782.1099910324,1737.17458006219,0,35
"0km","LQH",0.5,0.939326143292683,0.928640593620678,0.000278893703696729,0.0113431470430142,0.000338234734472866,0.00181159420289855,1.31274942239025e-05,0.130281368881429,0.000218781050486347,36066.2327463278,0,1,134
"0km","LQH",1,0.929493140243902,0.920992421612702,0.000382981079666124,0.0104018205934891,0.000418647299887854,0.00181159420289855,1.31274942239025e-05,0.132005724678045,0.00112196313441408,36483.1371873923,416.904441064551,2.95359457972433e-91,88
"0km","LQH",1.5,0.924517835365854,0.917386725281683,0.0004452253372939,0.0100724210081988,0.000424778496542382,0.00181159420289855,1.31274942239025e-05,0.131628442562359,0.000858688291916774,36838.6854290458,772.452682718031,1.83667021049566e-168,69
"0km","LQH",2,0.921775381097561,0.915508915669774,0.000434216554222211,0.00968455439501403,0.000392242000389128,0.00181159420289855,1.31274942239025e-05,0.12095037266916,0.000946321691138449,37060.3270928785,994.094346550737,1.36507150426974e-216,55
"0km","LQH",2.5,0.919594131097561,0.913562241085916,0.000421910386703103,0.00966743326222697,0.000379534503407369,0.00181159420289855,1.31274942239025e-05,0.11519776976771,0.000534915611028172,37253.9124076349,1187.67966130711,1.25498464683462e-258,45
"0km","LQH",3,0.917634527439024,0.911585236436633,0.000409823571507001,0.00970400937888796,0.000373850255407345,0.00181159420289855,1.31274942239025e-05,0.115363722908976,0.000728267815547953,37453.7074331607,1387.47468683294,5.17249243312945e-302,45
"0km","LQH",3.5,0.915904115853658,0.909795783161674,0.000430380126606247,0.00977965047224599,0.000379375582285181,0.00181159420289855,1.31274942239025e-05,0.112439535271071,0.000550743634312544,37623.8544747708,1557.62172844299,0,38
"0km","LQH",4,0.914455716463415,0.908403789335744,0.00042616290992375,0.0098127618079325,0.000374370029019665,0.00181159420289855,1.31274942239025e-05,0.112558990230584,0.000547670692107919,37780.8635976158,1714.63085128802,0,37
"0km","LQHP",0.5,0.94159862804878,0.931523823611447,0.000240977789622755,0.0104624238477207,0.000327080789085892,0.00330424576444172,2.66618860817041e-05,0.127715649089823,0.000622710003155557,36001.452045198,0,1,141
"0km","LQHP",1,0.932077286585366,0.92442095066345,0.000341209515697629,0.00983272945483568,0.00038721927772323,0.00181159420289855,1.31274942239025e-05,0.124788685441067,0.000572344792927338,36371.6319580561,370.179912858111,4.13478818999338e-81,92
"0km","LQHP",1.5,0.926933612804878,0.91987668662429,0.00038878371106529,0.0095343204639087,0.000401194260999422,0.00181159420289855,1.31274942239025e-05,0.125563186290427,0.000748403616632631,36721.2375591209,719.78551392287,5.01835724757713e-157,69
"0km","LQHP",2,0.922760975609756,0.91633395788841,0.000418413585604527,0.00971557466213827,0.000402113154522941,0.00181159420289855,1.31274942239025e-05,0.128701478913603,0.000826362272961675,37014.8452079625,1013.39316276449,8.79975754536476e-221,56
"0km","LQHP",2.5,0.920608079268293,0.91410942810655,0.000415224983646069,0.00975621257709075,0.000387113510222953,0.00181159420289855,1.31274942239025e-05,0.121306748210544,0.00111627809407774,37221.177151043,1219.72510584503,1.38057036383546e-265,50
"0km","LQHP",3,0.918128201219512,0.912229918044252,0.000404805756898286,0.00972667900088012,0.00037190883542405,0.00181159420289855,1.31274942239025e-05,0.122802175782938,0.000909448551966966,37451.9299352131,1450.47789001517,1.07827148874986e-315,48
"0km","LQHP",3.5,0.916138338414634,0.910500577327265,0.00041941024148366,0.00983811401248735,0.000375443958495414,0.00181159420289855,1.31274942239025e-05,0.117533346315509,0.000629912904624575,37630.9163116369,1629.46426643887,0,42
"0km","LQHP",4,0.914456326219512,0.909089654302215,0.000433590313089371,0.00989662464695859,0.000377989435258158,0.00181159420289855,1.31274942239025e-05,0.117046796870637,0.00108858561253676,37791.4656851861,1790.01363998807,0,39
"0km","LQHPT",0.5,0.954263262195122,0.937523997984262,8.84556496841844e-05,0.0184035295571178,0.000121962894648095,0.00911445089105006,0.000132820966728429,0.15442650169419,0.000607410847889222,36320.5363931528,585.569202825311,7.00266289706357e-128,284
"0km","LQHPT",1,0.945672027439024,0.932250894328964,0.000152263382198053,0.0132893043095505,0.00024488490480013,0.00181159420289855,1.31274942239025e-05,0.1413294122386,0.000525981548939818,35734.9671903275,0,1,179
"0km","LQHPT",1.5,0.937951448170732,0.925705499080621,0.000244602700079001,0.0123555417173777,0.000299927897658444,0.000905797101449275,3.28187355597564e-06,0.130739703100285,0.000228577308498358,35983.9074427084,248.940252380955,8.77629137876241e-55,144
"0km","LQHPT",2,0.931364329268293,0.920792673736268,0.00033969297558915,0.0115406348604203,0.000333792662993376,0.000905797101449275,3.28187355597564e-06,0.117635304992981,0.000346778102596205,36259.4767704384,524.509580110949,1.27113543689107e-114,112
"0km","LQHPT",2.5,0.92682900152439,0.917657343722739,0.000373759135291665,0.0106862847844315,0.000361736910196773,0.000905797101449275,3.28187355597564e-06,0.119186296028855,0.000419537695644825,36470.7705681804,735.803377852979,1.66850155729283e-160,97
"0km","LQHPT",3,0.923271722560976,0.915855701301274,0.000383161718649633,0.0103775853665996,0.000342312107774778,0.000905797101449275,3.28187355597564e-06,0.117214403674153,0.000543851058309148,36644.1694415511,909.202251223622,3.70885350667572e-198,78
"0km","LQHPT",3.5,0.921034603658537,0.914654050700667,0.00040622579439177,0.0102384601370013,0.000332651504335737,0.000905797101449275,3.28187355597564e-06,0.120869369990515,0.000698459855770426,36792.6057200249,1057.63852969743,2.17125760230736e-230,64
"0km","LQHPT",4,0.919213262195122,0.913171391348171,0.00043438451628642,0.0102968834308883,0.00033502105975004,0.000905797101449275,3.28187355597564e-06,0.116581051032305,0.000350962122946881,36950.5956270478,1215.6284367203,1.07062885444929e-264,61
"1km","L",0.5,0.837310210876804,0.833750071953182,8.63721824275342e-05,0.00491253150610887,8.28143851389994e-05,0.00102459016393443,4.1991400161247e-06,0.104488311866896,3.98931642454709e-05,28677.9164656472,0,0.999999999999871,15
"1km","L",1,0.833784572697003,0.830070692755587,5.73884283119981e-05,0.00515734213706162,5.60026967538362e-05,0.00102459016393443,4.1991400161247e-06,0.109235593580743,0.000326895068688315,28737.2716802892,59.3552146420843,1.29175129135685e-13,14
"1km","L",1.5,0.82974051054384,0.826018614160827,3.92245755817987e-05,0.00504186298982193,3.78957150723699e-05,0.00102459016393443,4.1991400161247e-06,0.111469729609467,0.000582634000896082,28793.0889195202,115.172453873089,9.78631989424147e-26,11
"1km","L",2,0.824777358490566,0.820626080082966,4.13396145903632e-05,0.00507084861041132,3.10461075239484e-05,0.00102459016393443,4.1991400161247e-06,0.109174412897877,0.000602635061085762,28854.7706985509,176.854232903774,3.94994705442761e-39,10
"1km","L",2.5,0.817836182019978,0.814197554885978,4.84343235446426e-05,0.00498440250711429,3.34080612529554e-05,0.00102459016393443,4.1991400161247e-06,0.108226153707694,0.0004342175435699,28928.1544824753,250.238016828163,4.58674994639924e-55,10
"1km","L",3,0.814262486126526,0.811434950542353,5.75814565853524e-05,0.00449329821698469,4.23065012923253e-05,0.00102459016393443,4.1991400161247e-06,0.105045751660368,0.000475442019513446,28960.3870557384,282.470590091198,4.59505497593917e-62,9
"1km","L",3.5,0.812125527192009,0.80898646837266,7.36840088995867e-05,0.00420059426491934,5.89143652649445e-05,0.00102459016393443,4.1991400161247e-06,0.103851356086464,0.000324870882036716,28981.6777423426,303.761276695423,1.09414998225001e-66,9
"1km","L",4,0.809693562708102,0.806670558125282,9.92629454751393e-05,0.00446496915820027,6.56152041603412e-05,0.00102459016393443,4.1991400161247e-06,0.101802175758595,0.000416462095982276,29005.3071923896,327.390726742429,8.09108893296471e-72,9
"1km","LQ",0.5,0.887705438401776,0.885232999034149,0.000125859503296075,0.00490222772066351,7.37517515495293e-05,0.00215581188339144,6.22702060511744e-06,0.0972481410894558,0.0010208187919961,27928.7253302833,0,1,22
"1km","LQ",1,0.882652719200888,0.880358305948208,0.000127655301738405,0.00501521962842175,8.12272188381119e-05,0.00215581188339144,6.22702060511744e-06,0.100329923318753,0.00102504463931641,28022.5933652075,93.8680349242459,4.13823550619327e-21,15
"1km","LQ",1.5,0.878966259711432,0.876288265672489,0.000174211925015361,0.00530355136343144,0.00010003141320619,0.00215581188339144,6.22702060511744e-06,0.10126303221805,0.00136959572995448,28090.8540067474,162.128676464083,6.22594423848088e-36,15
"1km","LQ",2,0.873439844617092,0.871153614455148,0.000159162525147866,0.00555668959647135,0.000102886779563469,0.00102459016393443,4.1991400161247e-06,0.101171550953413,0.00163901078718339,28183.730553605,255.005223321714,4.22979507733251e-56,14
"1km","LQ",2.5,0.872476692563818,0.869999246262407,0.000154139603644457,0.00544530106670568,9.75058790623846e-05,0.00102459016393443,4.1991400161247e-06,0.09996657095111,0.00178028233336929,28197.5933453697,268.868015086442,4.13097288012795e-59,11
"1km","LQ",3,0.872017092119867,0.869762147675916,0.000148057231241323,0.00534028574260373,9.46789008558806e-05,0.00102459016393443,4.1991400161247e-06,0.1022618876627,0.00169087512337767,28211.3410120345,282.615681751209,4.27350737778659e-62,11
"1km","LQ",3.5,0.871617924528302,0.869603668912157,0.000142987135646656,0.00527222050439385,9.3493432712575e-05,0.00102459016393443,4.1991400161247e-06,0.104524331101614,0.00158577552335701,28224.2473522225,295.522021939254,6.73299505409355e-65,11
"1km","LQ",4,0.871538568257492,0.86943853971718,0.000145626079934614,0.00525754898926065,9.61407448383868e-05,0.00102459016393443,4.1991400161247e-06,0.103393109382157,0.00163320667305305,28231.5124164064,302.787086123131,1.78081847500939e-66,10
"1km","H",0.5,0.92309422863485,0.910472649427917,7.67616370028165e-05,0.0130211621491097,8.47931537121029e-05,0.00328703360284845,1.84922018226804e-05,0.137244584121688,9.05088008236674e-05,27289.9135378166,13.6416970465616,0.00108960642736039,142
"1km","H",1,0.91212730299667,0.903546930493427,4.61295548803673e-05,0.00927541725269812,8.06421205334538e-05,0.00328703360284845,1.84922018226804e-05,0.137312323838622,0.000154520026040735,27276.27184077,0,0.99891039357264,85
"1km","H",1.5,0.906178690344062,0.899247848589496,4.10112088703083e-05,0.00734517000799112,8.21254938481211e-05,0.00328703360284845,1.84922018226804e-05,0.122452659550698,0.000314022697270636,27430.9729985144,154.701157744341,2.55033338323188e-34,57
"1km","H",2,0.90316692563818,0.895665324591241,2.57188304361097e-05,0.00656170658164631,6.21232031889045e-05,0.00226244343891403,2.04746012571405e-05,0.109118989919125,0.000453655785129873,27530.9576270386,254.685786268587,4.95690658053881e-56,48
"1km","H",2.5,0.898922641509434,0.891553197598776,2.47347256085825e-05,0.0060484193947046,4.94047520364283e-05,0.00226244343891403,2.04746012571405e-05,0.110361409056592,0.000513316181621813,27646.5702768342,370.298436064197,3.89262719034582e-81,43
"1km","H",3,0.895176359600444,0.888585320847546,3.89372953440766e-05,0.00541831924525635,3.99491298474527e-05,0.00226244343891403,2.04746012571405e-05,0.108516900582951,0.000864592554041193,27744.5988138538,468.326973083749,2.0119466641977e-102,38
"1km","H",3.5,0.891954938956715,0.886435252375542,5.49678199106858e-05,0.00493786565850915,3.55245636428477e-05,0.00226244343891403,2.04746012571405e-05,0.104968580305495,0.000924099018899465,27829.6125252263,553.340684456249,6.96824795459436e-121,33
"1km","H",4,0.88920871254162,0.884888613852854,6.39087990838186e-05,0.00453205112996527,3.40941464333772e-05,0.00226244343891403,2.04746012571405e-05,0.106099802024952,0.000899214785741334,27900.6621050438,624.39026427381,2.59958108217391e-136,29
"1km","LQH",0.5,0.922904883462819,0.910571588993155,7.33709025998184e-05,0.0128085949634228,8.6898621288071e-05,0.00328703360284845,1.84922018226804e-05,0.136191686547564,5.8524010447694e-05,27288.4808642103,0,0.938485687778448,142
"1km","LQH",1,0.912053607103219,0.903229443587658,4.88691719445995e-05,0.00944901436553539,8.02949267324895e-05,0.00328703360284845,1.84922018226804e-05,0.133792310971356,0.000346141547257593,27293.9308596883,5.44999547804036,0.0615143122215519,89
"1km","LQH",1.5,0.905742286348502,0.898981589830912,4.16795558826148e-05,0.00742556937017516,8.08045578583156e-05,0.00328703360284845,1.84922018226804e-05,0.125131044783304,0.000149943426459344,27446.8410656369,158.360201426578,3.84544706633732e-35,57
"1km","LQH",2,0.902554495005549,0.895341763997432,2.31494270719232e-05,0.00638527145598472,5.51284246954721e-05,0.00226244343891403,2.04746012571405e-05,0.109534931712817,0.000243715665495218,27552.0746482906,263.593784080334,5.4170732580366e-58,46
"1km","LQH",2.5,0.899381520532741,0.892325711093328,1.59657119174338e-05,0.00580984901420933,3.86868036868691e-05,0.00226244343891403,2.04746012571405e-05,0.108482034138693,0.000408307468669289,27646.5829455601,358.102081349829,1.6276038546512e-78,41
"1km","LQH",3,0.896074639289678,0.888973583780674,2.49655056245072e-05,0.00542830178209053,3.11299904620267e-05,0.00226244343891403,2.04746012571405e-05,0.107259331154599,0.000559468410891682,27726.6055571078,438.124692897498,6.83690268675251e-96,36
"1km","LQH",3.5,0.892350443951165,0.885872747973382,4.52520097855709e-05,0.00516776889504886,2.79457054736687e-05,0.00226244343891403,2.04746012571405e-05,0.109493467183323,0.00088598589003836,27815.4202401447,526.93937593442,3.53994097730994e-115,33
"1km","LQH",4,0.888797280799112,0.883908663848564,4.90488586835101e-05,0.00506519038361025,2.71625807946167e-05,0.00226244343891403,2.04746012571405e-05,0.110518057347258,0.000960546872830497,27887.8037994504,599.322935240059,6.77806653202677e-131,30
"1km","LQHP",0.5,0.925969922308546,0.913739858853742,6.0458016703503e-05,0.0128341930898016,0.000103855718793067,0.00441825532230547,4.09946836688137e-05,0.13843296112968,0.000372296906528473,28069.0933843799,881.635184529292,3.5921308940416e-192,151
"1km","LQHP",1,0.916666259711432,0.907763772910445,4.3824715145345e-05,0.00972675776687609,6.45527046499681e-05,0.00554947704176248,7.37344661435172e-05,0.128821442579863,6.21894464757226e-06,27187.4581998506,0,1,92
"1km","LQHP",1.5,0.910663041065483,0.903240662301831,2.83530585889348e-05,0.00748594707001482,6.06648973940304e-05,0.00328703360284845,1.84922018226804e-05,0.130713395097743,0.000184121618937039,27356.4013884415,168.943188590947,2.06277908766955e-37,64
"1km","LQHP",2,0.905856492785794,0.899251794374741,1.28491059447657e-05,0.00639773545674099,4.43016226924113e-05,0.00226244343891403,2.04746012571405e-05,0.117166462355125,0.000346997052116941,27502.1849354168,314.726735566237,4.54943765706374e-69,51
"1km","LQHP",2.5,0.902156714761376,0.895779567030898,1.42710474496349e-05,0.00572477641607869,3.37702266881458e-05,0.00226244343891403,2.04746012571405e-05,0.107244180863713,0.000489197327124364,27617.1903344351,429.732134584545,4.8400809663236e-94,45
"1km","LQHP",3,0.898787014428413,0.892585743988188,2.94191041379065e-05,0.00550358865459871,3.02986405586023e-05,0.00226244343891403,2.04746012571405e-05,0.1072487467262,0.000817343533432869,27713.4548075461,525.996607695513,6.04349112960615e-115,43
"1km","LQHP",3.5,0.895014317425083,0.888829830329176,5.14736136703929e-05,0.00548035017577794,3.19725625225986e-05,0.00226244343891403,2.04746012571405e-05,0.103943990141561,0.000845573237238407,27803.0350217324,615.576821881805,2.13398584612157e-134,38
"1km","LQHP",4,0.891785793562708,0.886041050452003,7.49157198178517e-05,0.00537547230316726,3.56530320920051e-05,0.00226244343891403,2.04746012571405e-05,0.102779895149428,0.000889000500671972,27877.7599563162,690.301756465669,1.26729627815614e-150,34
"1km","LQHPT",0.5,0.94106692563818,0.9184730722574,0.000121632967419699,0.0245229077133192,0.000109608354396769,0.0157953786811067,0.000454000479066786,0.167001384635679,0.000364179742343195,27736.8364398465,760.500325180143,7.23523504622685e-166,295
"1km","LQHPT",1,0.929527635960044,0.913147049861755,4.72713442384122e-05,0.0166363345941316,6.42283379619455e-05,0.00226244343891403,2.04746012571405e-05,0.145653956221904,0.000199643374879545,26976.3361146664,0,1,164
"1km","LQHPT",1.5,0.920879800221976,0.907819017189024,1.76180062378835e-05,0.011873240726324,2.29070060844654e-05,0.00226244343891403,2.04746012571405e-05,0.132300570436959,0.000190551447989764,27089.0045868314,112.668472165045,3.42256832797852e-25,116
"1km","LQHPT",2,0.914636625971143,0.903596799733874,1.66603815648799e-05,0.00902221022438549,1.62298704934294e-05,0.00113122171945701,5.11865031428513e-06,0.127507258331132,5.26077202842117e-05,27227.6740156156,251.337900949176,2.64647784298184e-55,84
"1km","LQHPT",2.5,0.909337291897891,0.900074992937674,2.14751973393062e-05,0.00727195157979812,3.16148392135405e-05,0.00113122171945701,5.11865031428513e-06,0.127346584646136,0.000554726456619731,27392.6507249996,416.314610333211,3.96671499842743e-91,75
"1km","LQHPT",3,0.905046170921199,0.896554341345298,3.54358451650398e-05,0.00631107914006063,4.70338447031767e-05,0.00113122171945701,5.11865031428513e-06,0.115048089606896,0.000578287874817705,27540.9907419374,564.654627271018,2.43671982962328e-123,65
"1km","LQHPT",3.5,0.901318645948946,0.892928452383899,5.35257994166287e-05,0.00608323547032641,4.94347840928677e-05,0.00226244343891403,2.04746012571405e-05,0.118306815799555,0.000840081715431934,27658.6339885837,682.297873917352,6.93264834966171e-149,52
"1km","LQHPT",4,0.897715316315205,0.88931177096266,7.12231065120369e-05,0.0060561830680089,5.80257651008759e-05,0.00226244343891403,2.04746012571405e-05,0.108410269027428,0.000938590977784354,27774.3683514195,798.032236753086,5.1227315590863e-174,47
"5km","L",0.5,0.835376548672566,0.830121285186428,0.000112016058714537,0.00772328650670426,8.10865508686408e-05,0.00129533678756477,6.71158957287444e-06,0.107762648848241,0.000321537631473644,21603.8085191032,0,0.999999999816063,15
"5km","L",1,0.831293657817109,0.825772983875666,0.000108067466920484,0.00782914626178133,6.67474080779192e-05,0.00129533678756477,6.71158957287444e-06,0.101093206459887,0.000524063223055688,21648.6413715371,44.8328524339267,1.83937292663476e-10,12
"5km","L",1.5,0.824344100294985,0.819522928981083,0.000148798909551392,0.00775112768508684,7.88068651219856e-05,0,0,0.107602719254432,0.000852949187685918,21707.9154336653,104.106914562046,2.47440473914234e-23,12
"5km","L",2,0.816468289085546,0.811489197678155,0.000191900109145852,0.00753858584251985,0.000103213992058856,0.00152439024390244,9.29506246281975e-06,0.095416745724365,0.000957825593075407,21764.7527001725,160.944181069284,1.12568047556352e-35,12
"5km","L",2.5,0.810709587020649,0.80606277487521,0.000257655069782004,0.00742908583492125,0.00014389075887475,0.00152439024390244,9.29506246281975e-06,0.108283485684598,0.000582919294440479,21796.2817977734,192.473278670186,1.60309249071153e-42,9
"5km","L",3,0.80718407079646,0.802942022447696,0.000284980307605392,0.00750620894908849,0.000169687310130328,0.00281972703146721,1.07410553382764e-05,0.113331338158921,0.000936879527546116,21814.3828333187,210.574314215508,1.88091276024491e-46,8
"5km","L",3.5,0.804468584070796,0.800454262585337,0.000308383555346581,0.00773159997359796,0.000179556249697346,0.00129533678756477,6.71158957287444e-06,0.103809339882379,0.000737892567143819,21828.7926356727,224.984116569532,1.39739707192163e-49,8
"5km","L",4,0.801558702064897,0.797745613965551,0.000342452481821899,0.00805670749866175,0.000195095364228943,0.00129533678756477,6.71158957287444e-06,0.104569801929787,0.000868399881410204,21844.7701374024,240.961618299178,4.74077573226009e-53,8
"5km","LQ",0.5,0.880082890855457,0.876021713602455,0.000197763438956658,0.00764282104164837,6.15233391651363e-05,0.00292932371566934,1.17470736887441e-05,0.105576821486419,0.000595915663967732,21113.1581136034,0,0.999999999999697,21
"5km","LQ",1,0.875830825958702,0.872612006289468,0.000218285175605585,0.00732606919419165,5.54657997452667e-05,0.00292932371566934,1.17470736887441e-05,0.106944748285598,0.00116818227227172,21170.8081872949,57.6500736915659,3.0300204332316e-13,16
"5km","LQ",1.5,0.871640560471976,0.868436831354029,0.000253230248238326,0.00778396203872977,6.52593032041964e-05,0.00292932371566934,1.17470736887441e-05,0.100581127181063,0.00147774902467873,21226.7662898956,113.608176292255,2.13942944440856e-25,13
"5km","LQ",2,0.866342920353982,0.863453860173909,0.000227004719559652,0.007882077796833,7.23904685822041e-05,0.00292932371566934,1.17470736887441e-05,0.100352073724726,0.00153005736530918,21288.0722002753,174.914086671928,1.04205028237946e-38,11
"5km","LQ",2.5,0.864940339233038,0.862304211199492,0.000223706180698688,0.00743945690017295,6.73638262101878e-05,0.00129533678756477,6.71158957287444e-06,0.101840168962821,0.00132965703495785,21299.581095949,186.422982345623,3.30189861181842e-41,8
"5km","LQ",3,0.864868657817109,0.862287382001776,0.000218567879221296,0.00713352385239743,6.44089407680434e-05,0.00129533678756477,6.71158957287444e-06,0.100690723865265,0.00140641980244271,21301.1775804627,188.019466859299,1.48624883193132e-41,7
"5km","LQ",3.5,0.864807300884956,0.862261505069007,0.000215635846601112,0.00705451613705149,6.33051260013531e-05,0.00129533678756477,6.71158957287444e-06,0.10232471079337,0.0014340251180226,21305.1962194209,192.038105817537,1.99276076617013e-42,7
"5km","LQ",4,0.864734734513274,0.862146907143924,0.000214190491563238,0.00706077199877028,6.3266513896784e-05,0.00129533678756477,6.71158957287444e-06,0.103849101037272,0.00149831590301881,21309.6262957963,196.468182192883,2.17508534380615e-43,7
"5km","H",0.5,0.915558997050148,0.899232439025202,0.000256893844865586,0.0168869344445843,0.000325631988400658,0.00783128449998307,0.000155009363534751,0.146588456036191,0.000337816364070938,21191.8642543404,260.600048901062,2.57880432122742e-57,120
"5km","H",1,0.905826696165192,0.894337155094935,0.000189416290899149,0.0123627319626415,0.000331837815365143,0.00456331064377392,3.81418640543468e-05,0.136130914622052,0.000272320284595755,20931.2642054393,0,0.999999999997109,72
"5km","H",1.5,0.899750073746313,0.889774977845776,0.000174643016879261,0.0110076299644525,0.000240986082304348,0.00456331064377392,3.81418640543468e-05,0.129320871952134,0.000782464922915737,20984.4028755109,53.1386700715921,2.89124174712981e-12,51
"5km","H",2,0.894726843657817,0.886217976618619,0.000171329621508806,0.0105030221733068,0.000176159906478694,0.00163398692810458,1.06796531248665e-05,0.125401321065938,0.000869370178415841,21043.172413621,111.90820818174,5.00542955359451e-25,47
"5km","H",2.5,0.890809513274336,0.883805476731085,0.000187077685991644,0.00988703672510693,0.00013125523929197,0.00163398692810458,1.06796531248665e-05,0.112003172514635,0.00073486995852593,21075.5997721055,144.335566666196,4.54914654439656e-32,38
"5km","H",3,0.88895412979351,0.881821338537469,0.00019647440669186,0.0094350378158988,0.000106824067652232,0.00163398692810458,1.06796531248665e-05,0.105842169948564,0.00086993367522537,21091.7985937493,160.534388309967,1.38165782387105e-35,32
"5km","H",3.5,0.887186283185841,0.880442335592879,0.000190553226797823,0.00899895072359302,9.18871443480721e-05,0.00163398692810458,1.06796531248665e-05,0.106606098145059,0.00127957006627422,21114.2877667045,183.023561265167,1.80691882337019e-40,29
"5km","H",4,0.885245796460177,0.878815829575069,0.000185996714849595,0.00863656180979736,8.22249004881482e-05,0.00326797385620915,4.2718612499466e-05,0.105529954725898,0.000997850469156572,21141.1406011414,209.876395702078,2.66636581343196e-46,27
"5km","LQH",0.5,0.915383038348083,0.899559783487145,0.000269956163441271,0.0163854192037916,0.000328069272772934,0.00783128449998307,0.000155009363534751,0.148534658186962,0.000352705500127871,21160.2883163344,220.09686389974,1.60906379135685e-48,120
"5km","LQH",1,0.905266519174041,0.894396142109325,0.000196521250791406,0.0121994974505968,0.000326229567027982,0.00456331064377392,3.81418640543468e-05,0.13466925430183,0.000597348279864605,20940.1914524346,0,0.999999999966196,74
"5km","LQH",1.5,0.899050884955752,0.889937778195338,0.000171618086446562,0.0105364421666805,0.000241763037502829,0.00456331064377392,3.81418640543468e-05,0.132187465744122,0.000437655443357849,20988.4123206818,48.2208682471064,3.38042654861416e-11,50
"5km","LQH",2,0.894901843657817,0.887113974243732,0.000166199551655798,0.00983591635091394,0.000173079017483395,0.00326797385620915,4.2718612499466e-05,0.121515310703244,0.000779566691918277,21021.0015917388,80.8101393041834,2.83335641642165e-18,39
"5km","LQH",2.5,0.891683554572271,0.884863316779964,0.000171297535600607,0.00920030330846805,0.00012717298819536,0.00326797385620915,4.2718612499466e-05,0.113116322606384,0.0004183796690011,21046.4977716017,106.306319167063,8.23903024508287e-24,30
"5km","LQH",3,0.889596607669617,0.882533558652567,0.000171355993581569,0.00891607088078378,0.000103089015668117,0.00326797385620915,4.2718612499466e-05,0.103397388063444,0.000986389471257441,21075.1178789646,134.926426529975,5.0245682245966e-30,29
"5km","LQH",3.5,0.887400368731563,0.880468710101121,0.000171536276741344,0.00865368763213192,8.93725929128736e-05,0.00326797385620915,4.2718612499466e-05,0.102102051275879,0.000974410552740518,21102.8915129346,162.700060499974,4.6787599073964e-36,27
"5km","LQH",4,0.884939306784661,0.878512740301663,0.000175307685179907,0.00835956959976633,7.72524848256962e-05,0.00326797385620915,4.2718612499466e-05,0.108189752163556,0.00121733643252161,21138.8483993055,198.656946870877,7.2810177718744e-44,27
"5km","LQHP",0.5,0.9171598820059,0.901320070970435,0.000301321236431627,0.016711849993225,0.000348425099207581,0.00783128449998307,0.000155009363534751,0.144901599272339,0.000297794048731158,21693.9369977728,774.811191104222,5.64722315125041e-169,133
"5km","LQHP",1,0.908066961651917,0.896634207174592,0.000180760458288896,0.0126254955544916,0.000307551254607018,0.00619729757187849,8.58959606696826e-05,0.139278008372564,0.00039626452556686,20919.1258066686,0,0.999878790152366,85
"5km","LQHP",1.5,0.902542920353982,0.893559257760826,0.00016279024526702,0.0107098447390835,0.00022538858543084,0.00292932371566934,1.17470736887441e-05,0.123149297631349,0.000915786592025178,20937.1615387072,18.0357320386611,0.000121209847633935,54
"5km","LQHP",2,0.898539085545723,0.890297825548982,0.000148075913896632,0.0102338837363407,0.000170601852081065,0.00292932371566934,1.17470736887441e-05,0.118502825221246,0.00091662725944862,20990.2518005869,71.1259939182746,3.59032709647291e-16,48
"5km","LQHP",2.5,0.894469174041298,0.886805233809898,0.000168755548255613,0.00976659384015208,0.000144169958011721,0.00326797385620915,4.2718612499466e-05,0.109147150477361,0.000460207602297914,21038.828464967,119.702658298433,1.01588692780734e-26,42
"5km","LQHP",3,0.890927433628319,0.883533374589726,0.000191968892316688,0.00947858043038835,0.000124209030062242,0.00326797385620915,4.2718612499466e-05,0.108964252114764,0.000717283779058072,21077.8981625484,158.772355879857,3.33402104874309e-35,37
"5km","LQHP",3.5,0.888297640117994,0.881011281520275,0.000197091578208136,0.0090294576088519,0.000108017842423214,0.00326797385620915,4.2718612499466e-05,0.104656429845201,0.000737021632448229,21110.6064804314,191.480673762806,2.6329787429253e-42,33
"5km","LQHP",4,0.885597787610619,0.878301070613436,0.000195654000802192,0.00882827861432278,9.69187843004051e-05,0.00326797385620915,4.2718612499466e-05,0.107814807017208,0.000873569953857891,21145.509425925,226.383619256427,6.94015288832984e-50,30
"5km","LQHPT",0.5,0.932697935103245,0.90229142513618,0.000114385471029938,0.0334967440037855,0.000100259056234482,0.0156033052253717,0.000341705606816801,0.201502718699848,0.00115763848456445,21587.4461513474,681.48326680428,1.04168429700059e-148,249
"5km","LQHPT",1,0.918916076696165,0.901439114917946,0.000124038191546727,0.0188830944309468,0.000150920165291549,0.0065359477124183,0.000170874449997864,0.154293569022032,0.000551619061230382,20923.9949191959,18.0320346527005,0.000121434107447367,132
"5km","LQHPT",1.5,0.912360766961652,0.89673006427354,0.000114457882762306,0.0137691237807021,0.000183808160232848,0.00326797385620915,4.2718612499466e-05,0.140801686949686,0.00132611455883064,20905.9628845432,0,0.999878565892551,88
"5km","LQHPT",2,0.903551769911504,0.891711930363841,0.000137600692341469,0.0116807754709683,0.000170403424252366,0.00163398692810458,1.06796531248665e-05,0.137715899789294,0.00187864499573955,20974.1457006045,68.1828160613368,1.56400043891791e-15,64
"5km","LQHPT",2.5,0.897426991150442,0.887517733853409,0.000161279282431468,0.0109166720713219,0.000140527136144172,0.00163398692810458,1.06796531248665e-05,0.121478304030656,0.00120975405188303,21029.578200318,123.615315774805,1.43622505510316e-27,52
"5km","LQHPT",3,0.892745427728614,0.8837146772173,0.000190538990221764,0.0104703252181882,0.00012614188188811,0.00163398692810458,1.06796531248665e-05,0.121514599036464,0.00153363579533263,21074.4682311067,168.505346563514,2.56729731599694e-37,45
"5km","LQHPT",3.5,0.889437315634218,0.880868752048715,0.000213357451402798,0.010092686482905,0.000114515253012397,0.00163398692810458,1.06796531248665e-05,0.113709749454354,0.00134758498778476,21111.5351166278,205.572232084625,2.29352904938699e-45,41
"5km","LQHPT",4,0.886387610619469,0.878375046974801,0.000228652458368086,0.00996011603743929,0.000109149204037313,0.00326797385620915,4.2718612499466e-05,0.112221654216259,0.00157146626868828,21144.3573745756,238.394490032457,1.71096643576326e-52,36
"10km","L",0.5,0.837717045454546,0.832332982659275,8.83196677271111e-05,0.00684422112168337,0.000177003845834041,0.0015625,9.765625e-06,0.104306668517931,0.000277145265783582,18209.6601531285,0,0.999999975609478,13
"10km","L",1,0.833358129370629,0.827648427342841,5.08467882307153e-05,0.00709843755680334,0.000103094805073816,0.0015625,9.765625e-06,0.105080397757326,8.90184972429647e-05,18244.718295523,35.0581423945223,2.43905220263885e-08,10
"10km","L",1.5,0.826914160839161,0.821154054367661,5.42498910413266e-05,0.00728397687540472,7.32952527230714e-05,0,0,0.101928951126626,0.000692961508047397,18297.4000344009,87.7398812724714,8.86190009460583e-20,13
"10km","L",2,0.819461538461538,0.814339088897043,7.02612747724099e-05,0.00709650207479989,7.31496043437457e-05,0,0,0.108939457050672,0.000660636612035035,18340.3199114108,130.659758282349,4.24222769596947e-29,12
"10km","L",2.5,0.815805244755245,0.810145529279726,0.000115645930973688,0.00693189876853936,9.9884833745448e-05,0,0,0.116199057177616,0.00128989805376848,18358.3612570901,148.701103961674,5.12820688798886e-33,10
"10km","L",3,0.811640909090909,0.806308445632339,0.000138584872326939,0.00668970563281934,0.000126283925822138,0.003125,3.90625e-05,0.109699962974717,0.00140507958341764,18381.6255528981,171.965399769593,4.55184945766467e-38,10
"10km","L",3.5,0.807567307692308,0.802719776559029,0.000156756572560376,0.00653471095793934,0.000154717642099059,0.003125,3.90625e-05,0.107861922141119,0.00194448236897721,18398.9796724167,189.319519288234,7.7586956772762e-42,9
"10km","L",4,0.804296328671329,0.799892100160002,0.000168128495302034,0.0063883685059653,0.000176665802553548,0.0015625,9.765625e-06,0.109437645456469,0.00161188766835454,18412.231862469,202.5717093405,1.0282819471637e-44,8
"10km","LQ",0.5,0.879531468531469,0.874698604890643,0.000110228156238285,0.0069690445377936,9.36976217881774e-05,0.00182481751824818,1.33198358996217e-05,0.101406134295991,0.0015211026990418,17832.2154765577,0,0.999999999974966,22
"10km","LQ",1,0.875081818181818,0.870750787167434,0.000166415041288586,0.00705449988860846,0.000110802939056361,0.00182481751824818,1.33198358996217e-05,0.106618269332487,0.00132676561209265,17881.0370757168,48.8215991590296,2.50336654349145e-11,17
"10km","LQ",1.5,0.870360314685315,0.866653756991828,0.000233343155717453,0.00763900649715601,0.000150939328311634,0.00338731751824818,1.54820545735877e-05,0.107931675129588,0.00167551767847523,17932.091817728,99.876341170213,2.05176717980512e-22,15
"10km","LQ",2,0.866387237762238,0.862610400286285,0.000288100245362845,0.00800464455145325,0.000181742700979931,0.00182481751824818,1.33198358996217e-05,0.10454435761134,0.00174020974009674,17962.7316629756,130.516186417859,4.55795695923394e-29,12
"10km","LQ",2.5,0.864752272727273,0.861329908610362,0.000239083576378586,0.00779438109486794,0.000181834264331716,0.00182481751824818,1.33198358996217e-05,0.0990831283719454,0.00200547680045647,17973.547400549,141.331923991274,2.04250273572873e-31,9
"10km","LQ",3,0.864346503496504,0.861315504097575,0.000229392752066292,0.0074146989219572,0.000185626567727046,0.00182481751824818,1.33198358996217e-05,0.102732763408442,0.00159171733275572,17977.3395203144,145.12404375667,3.06700371817901e-32,8
"10km","LQ",3.5,0.864274125874126,0.861375801126296,0.000227617895878074,0.00708239519769283,0.000193100169737483,0.00182481751824818,1.33198358996217e-05,0.100907945890194,0.00171423810590849,17978.5555647309,146.340088173154,1.66975830633193e-32,7
"10km","LQ",4,0.86421013986014,0.861388750024794,0.000225300426204131,0.00703676869107719,0.000192256943186621,0.00182481751824818,1.33198358996217e-05,0.102732763408442,0.00159171733275572,17979.9735082238,147.758031666075,8.21771537679752e-33,6
"10km","H",0.5,0.912428146853147,0.892760871135486,0.000298763802358316,0.0202519393760907,0.000439372167825469,0.0088617700729927,0.000192469374089811,0.145135638157199,0.000984376907439284,17775.341807544,44.9663117901582,1.72048702135116e-10,117
"10km","H",1,0.902805332167832,0.888187493247845,0.000203921209503724,0.0149032593374752,0.000408388452381822,0.00521213503649635,4.78381559464187e-05,0.129067161218661,0.000620906997554807,17730.3754957538,0,0.999912371672002,71
"10km","H",1.5,0.896667132867133,0.885833602188128,0.000107619740673936,0.0120587284026313,0.000239327146985399,0.00521213503649635,4.78381559464187e-05,0.132690349624458,0.000263473425711082,17749.0601431431,18.684647389302,8.76278816648146e-05,50
"10km","H",2,0.893228933566434,0.883949845931847,8.76469939165004e-05,0.0104939059298678,0.000125909391631318,0.00521213503649635,4.78381559464187e-05,0.129040714587961,0.000258399662132892,17774.542972832,44.1674770781428,2.56517001403613e-10,44
"10km","H",2.5,0.890878758741259,0.881949572919973,9.67816547522937e-05,0.00963471926029896,9.30270562875822e-05,0.00521213503649635,4.78381559464187e-05,0.124064450439014,0.000417067438524999,17779.9081301835,49.5326344296955,1.75423203792085e-11,33
"10km","H",3,0.88942701048951,0.879575496733841,0.000129266617301983,0.00945974286593018,0.000102410562521354,0.00521213503649635,4.78381559464187e-05,0.109243262720829,0.000313724307332058,17788.6189540015,58.2434582476853,2.25193411337762e-13,26
"10km","H",3.5,0.887463986013986,0.877167107697292,0.000170709474503038,0.0094677947125148,0.000129227079855907,0.00521213503649635,4.78381559464187e-05,0.110530221887232,0.000914137242073625,17825.8516808287,95.4761850749128,1.851704901807e-21,30
"10km","H",4,0.88558548951049,0.875256748155347,0.000201527368426095,0.00931808645986268,0.000161156626470263,0.00364963503649635,5.32793435984869e-05,0.113379681053634,0.00166661134963787,17856.3816408062,126.006145052324,4.34585468813589e-28,31
"10km","LQH",0.5,0.912377447552448,0.893560026942505,0.000308707692379103,0.0191443030676722,0.000440011871325633,0.0088617700729927,0.000192469374089811,0.143573138157199,0.00185238552233673,17772.9601596147,69.1016859382726,9.87983729098522e-16,116
"10km","LQH",1,0.902440734265734,0.888754189509944,0.000218674760786723,0.0144980284698374,0.000421637096618344,0.00521213503649635,4.78381559464187e-05,0.127242343700413,0.00104917350392014,17703.8584736764,0,0.999977524584534,61
"10km","LQH",1.5,0.896767132867133,0.886482841880554,0.000128694864075267,0.0114672463736843,0.00023934800821572,0.00521213503649635,4.78381559464187e-05,0.130878755421559,0.000322504030212068,17725.2646132458,21.4061395693316,2.24753307731394e-05,41
"10km","LQH",2,0.893707604895105,0.884530999161972,8.41500882420857e-05,0.0100027393900939,0.000128314523135795,0.00521213503649635,4.78381559464187e-05,0.129027491272612,0.000360532427486713,17750.2424724327,46.3839987562133,8.469014661718e-11,36
"10km","LQH",2.5,0.890989073426573,0.88273536493871,7.67445520283696e-05,0.0089552525407755,8.26135287816784e-05,0.00521213503649635,4.78381559464187e-05,0.121741444514969,0.000354810822173488,17771.8037887167,67.9453150402223,1.76137789763747e-15,30
"10km","LQH",3,0.889243968531468,0.880483856241074,9.9135547557152e-05,0.00862739247440816,7.58154829982495e-05,0.00364963503649635,5.32793435984869e-05,0.118091809478472,0.000314217496196307,17780.6180689638,76.7595952873453,2.14711796513475e-17,23
"10km","LQH",3.5,0.887421416083916,0.878202081820917,0.000118659236923473,0.0084076755566056,8.43625865482562e-05,0.00364963503649635,5.32793435984869e-05,0.121950868771818,0.000735714057851224,17807.545232914,103.686759237542,3.05278730694857e-23,24
"10km","LQH",4,0.885279632867133,0.876394601523657,0.000134978506263936,0.00840981238537908,0.000101956635586379,0.00364963503649635,5.32793435984869e-05,0.118327680366021,0.00049621394516558,17842.2833563228,138.424882646381,8.73793667968065e-31,27
"10km","LQHP",0.5,0.913659615384615,0.89498002395073,0.00032403715946724,0.0196398942643773,0.000411048184231815,0.0088617700729927,0.000192469374089811,0.154535266582037,0.000596411550756481,17751.5116662431,53.1264859700459,2.59439103349174e-12,114
"10km","LQHP",1,0.90541993006993,0.891899736541971,0.000151065618111471,0.0146051153925771,0.00029995968823592,0.0088617700729927,0.000192469374089811,0.132441255421559,0.000359858174288904,17698.385180273,0,0.891877657568052,76
"10km","LQHP",1.5,0.899665559440559,0.88938984394835,9.76613745503333e-05,0.0112498628173225,0.000229809024550655,0.00521213503649635,4.78381559464187e-05,0.12772730879086,0.00022692020646971,17702.6053117692,4.22013149616032,0.108122324441963,51
"10km","LQHP",2,0.896219755244755,0.886991928389136,7.62194070396098e-05,0.010067935733563,0.000145019156212791,0.00521213503649635,4.78381559464187e-05,0.122266079551465,0.000227000290549237,17733.8235299664,35.4383496933915,1.7987277082935e-08,44
"10km","LQHP",2.5,0.892748776223776,0.88421052418875,6.97411942754094e-05,0.00910246506276549,9.04106715375076e-05,0.00364963503649635,5.32793435984869e-05,0.116778403681371,0.000244390426019214,17757.7734127254,59.3882324524202,1.1332206048646e-13,34
"10km","LQHP",3,0.890194755244755,0.881330361773379,8.47117977995888e-05,0.00871470570465846,7.67753696054242e-05,0.00364963503649635,5.32793435984869e-05,0.118340903681371,0.000288412702346835,17785.9474608863,87.5622806133288,8.63769048593489e-20,31
"10km","LQHP",3.5,0.888100174825175,0.878796453820877,9.7300513151361e-05,0.00835470217169532,7.19403415932964e-05,0.00364963503649635,5.32793435984869e-05,0.117276592087168,0.000358549402295655,17815.5242298063,117.139049533253,3.26500515050562e-26,30
"10km","LQHP",4,0.885806293706294,0.876847806582566,0.000117518140513385,0.00805077537382873,7.39390054305457e-05,0.00364963503649635,5.32793435984869e-05,0.113613733735322,0.00072974865804332,17838.3864168833,140.001236610318,3.54342320392648e-31,27
"10km","LQHPT",0.5,0.928042482517483,0.893631121667725,0.000227041158196908,0.0391265631281935,0.000244075405201978,0.0205862226277372,0.000630693362670272,0.209360619644557,0.000580374550887258,18298.6490546879,603.940194796582,5.13945812288862e-132,229
"10km","LQHPT",1,0.914993706293706,0.895291085749894,0.000174703784704454,0.0211603388848646,0.000267243351394407,0.00912408759124088,0.000332995897490543,0.150793068338094,0.00210295196087806,17694.7088598913,0,0.715919730478662,112
"10km","LQHPT",1.5,0.906683741258741,0.891374442868666,0.000109274148622487,0.0150408015854123,0.000256424590817827,0.00912408759124088,0.000332995897490543,0.143835455675447,0.00120972639145973,17696.5574823214,1.84862243004682,0.284080269520397,79
"10km","LQHPT",2,0.898411713286713,0.887125343971491,8.91842032068584e-05,0.0118989203786755,0.000173725772610901,0.00364963503649635,5.32793435984869e-05,0.125666620385063,0.000479886847166089,17749.4235800649,54.7147201735461,9.41269109872624e-13,59
"10km","LQHPT",2.5,0.89444458041958,0.883753663238522,9.79932648785101e-05,0.0109561969033676,0.000126433477763719,0.00364963503649635,5.32793435984869e-05,0.120192167830318,0.00062281689061578,17776.8971675312,82.1883076398371,1.01835708464944e-18,50
"10km","LQHPT",3,0.891142657342657,0.88111267344031,0.000108288684253998,0.0102579462662269,0.000105414484238887,0.00182481751824818,1.33198358996217e-05,0.119903403681371,0.000494044478270421,17801.8836748388,107.174814947477,3.82075303030174e-24,42
"10km","LQHPT",3.5,0.888586188811189,0.878626858933672,0.000111531076781376,0.00982443404548566,9.86196167638297e-05,0.00182481751824818,1.33198358996217e-05,0.123513368771818,0.000784226062968647,17832.0485807914,137.33972090008,1.07627403986813e-30,40
"10km","LQHPT",4,0.886097552447552,0.876642598612874,0.000130265820167915,0.0093441329308456,9.89355432366783e-05,0.00182481751824818,1.33198358996217e-05,0.126900686290067,0.000825260455183087,17842.1895297364,147.480669845048,6.75839827021136e-33,31
"50km","L",0.5,0.811730223880597,0.803529436124639,0.00101078165398759,0.0161057877660823,0.000866601916997388,0.0113636363636364,0.000516528925619835,0.106218208874459,0.00176824072500184,8651.42959237115,0,0.984882215276391,15
"50km","L",1,0.809336194029851,0.800920019209957,0.000783954699099643,0.0151856070376182,0.000715727335220835,0.0113636363636364,0.000516528925619835,0.101615034271284,0.00373492027560996,8659.79180562905,8.36221325789666,0.0150505634145078,14
"50km","L",1.5,0.805773507462687,0.797074925753066,0.000703620295045329,0.0153423612115664,0.000655477602825815,0.00757575757575758,0.000229568411386593,0.0987982503607504,0.00237510501144328,8671.43518620148,20.0055938303267,4.45886980267618e-05,14
"50km","L",2,0.802685820895522,0.794323735457251,0.000628918952043805,0.014927747796236,0.000598726910303146,0.00378787878787879,5.73921028466483e-05,0.10270450036075,0.00238355422643547,8672.81430769139,21.3847153202405,2.23744498127502e-05,10
"50km","L",2.5,0.800008208955224,0.791937696248196,0.00051609836741913,0.0141647679405094,0.000519766161197875,0.00378787878787879,5.73921028466483e-05,0.102586129148629,0.00281194545775343,8681.74805145353,30.3184590823839,2.56929845364356e-07,10
"50km","L",3,0.796248880597015,0.788990746257215,0.000454523881675156,0.0134645790342073,0.000453541970412569,0,0,0.106946924603175,0.00313263340202979,8692.49337533554,41.0637829643911,1.19260636096885e-09,10
"50km","L",3.5,0.792560447761194,0.785957930262446,0.000383615118544854,0.0128302697841557,0.000374265216742446,0,0,0.113613591269841,0.00354246585352891,8699.48124856321,48.0516561920631,3.62326192204384e-11,9
"50km","L",4,0.789322014925373,0.783004342397186,0.000338336209548087,0.0121798139898082,0.000299865762808063,0.00333333333333333,4.44444444444445e-05,0.106374007936508,0.00336357010975687,8704.76764064433,53.3380482731773,2.57735519772367e-12,8
"50km","LQ",0.5,0.856905223880597,0.847867182472042,0.000333425090225937,0.0123630974761265,0.000428635171775287,0.0146969696969697,0.000459963269054178,0.102342171717172,0.00189848628328742,8493.29881929092,0,0.92303784962094,21
"50km","LQ",1,0.852215671641791,0.846011213271104,0.000516308841357006,0.0117722362736273,0.00042085453084986,0.00757575757575758,0.000229568411386593,0.101583243145743,0.0024424460678536,8498.28219442074,4.98337512982471,0.0763999984529409,14
"50km","LQ",1.5,0.850013805970149,0.844029102971681,0.000639614449258082,0.011839253465502,0.000444849970902413,0.00757575757575758,0.000229568411386593,0.109339375901876,0.00185879636218009,8508.21975070365,14.9209314127274,0.000531105038052,14
"50km","LQ",2,0.846369029850746,0.841740002886003,0.000712384178989974,0.011681228341487,0.000451892203345679,0.00757575757575758,0.000229568411386593,0.100649576118326,0.00422775802260422,8514.64596506829,21.3471457773721,2.13671058816656e-05,11
"50km","LQ",2.5,0.844282835820895,0.841094620637175,0.00062366776800351,0.0112536327236351,0.000420581096967042,0.00757575757575758,0.000229568411386593,0.0966813221500721,0.00501988421651613,8520.11319784227,26.8143785513494,1.3885169625446e-06,10
"50km","LQ",3,0.844003917910448,0.840905031013258,0.000588280011748714,0.0109483237867828,0.000404909909484109,0.00757575757575758,0.000229568411386593,0.0966813221500721,0.00501988421651613,8517.57205338082,24.2732340899038,4.94713427636363e-06,8
"50km","LQ",3.5,0.843804664179104,0.840774372621302,0.000564469195846615,0.0105811200267695,0.000389035457743084,0.00757575757575758,0.000229568411386593,0.100469200937951,0.00517201656088333,8519.07448546033,25.7756661694093,2.33402077560643e-06,8
"50km","LQ",4,0.843594589552239,0.840670692561779,0.000536206671695701,0.0102279140425701,0.000372622895890001,0.00757575757575758,0.000229568411386593,0.0966813221500721,0.00501988421651613,8520.74955152115,27.4507322302325,1.01011017059484e-06,8
"50km","H",0.5,0.887014552238806,0.853396299321338,0.000365152043038977,0.0367705996235562,0.000500185053540047,0.0146969696969697,0.000459963269054178,0.166268713924964,0.00179135817292989,8605.771923553,141.002629103363,2.39431994338024e-31,74
"50km","H",1,0.876720149253731,0.858858989707341,0.000419396738345448,0.0199664562579513,0.00070026470065263,0.00712121212121212,6.81665136210591e-05,0.127251307720058,0.00352919710680846,8464.76929444964,0,0.994292262307679,40
"50km","H",1.5,0.871787686567164,0.855790795804022,0.000363928286751548,0.0170268778573384,0.00047393407511394,0.00378787878787879,5.73921028466483e-05,0.108349341630592,0.0042365580637027,8479.70198438687,14.9326899372281,0.000568750301442501,36
"50km","H",2,0.867338432835821,0.852423834021014,0.000325860828218494,0.0160196104011215,0.000393244080045028,0.00378787878787879,5.73921028466483e-05,0.108766459235209,0.00273022269457647,8475.29995122506,10.5306567754233,0.00513819989010415,26
"50km","H",2.5,0.863207276119403,0.848780341799693,0.000303903583594056,0.0140768483333025,0.000332977737454642,0.00378787878787879,5.73921028466483e-05,0.113880546536797,0.00100751090047331,8492.86906606653,28.0997716168931,7.86549721683218e-07,25
"50km","H",3,0.859237873134328,0.844664275714737,0.000276694691374217,0.0122775663078588,0.000301192239610676,0.00757575757575758,0.000229568411386593,0.113700171356421,0.00113321424655003,8506.3049293909,41.5356349412614,9.50967185052111e-10,23
"50km","H",3.5,0.851688992537313,0.841713289468344,0.000279353396811824,0.010185977071494,0.000311081760083031,0.00757575757575758,0.000229568411386593,0.1213943001443,0.0010899632404232,8525.25468427156,60.4853898219244,7.29925510019077e-14,21
"50km","H",4,0.847005597014925,0.840255189585588,0.000273947416439782,0.0093551768333143,0.000309709986859193,0.00757575757575758,0.000229568411386593,0.128633883477633,0.0015414417688874,8528.83520733196,64.065912882319,1.21836618875056e-14,16
"50km","LQH",0.5,0.88722723880597,0.854333107616342,0.000381766328881151,0.0363824083287189,0.000540315159518224,0.0146969696969697,0.000459963269054178,0.162935380591631,0.00153596896337401,8614.94548156801,148.835344918947,4.16027536872148e-33,75
"50km","LQH",1,0.87747723880597,0.856626032129329,0.000487604056249551,0.0229883326133224,0.000746964657837401,0.0109090909090909,0.00020667278849097,0.131792478354978,0.00206120448796484,8469.98667737295,3.87654072388796,0.124889653345788,43
"50km","LQH",1.5,0.872359328358209,0.855803074111652,0.000549463940643093,0.0181413151264127,0.000634413161045524,0.00712121212121212,6.81665136210591e-05,0.112772141053391,0.00354238127988847,8466.11013664906,0,0.867574108761005,32
"50km","LQH",2,0.868139925373134,0.853590394435426,0.000517608927195667,0.0155886951302558,0.000494330213383451,0.00378787878787879,5.73921028466483e-05,0.101166125541126,0.00332410221377348,8475.60364451781,9.49350786874493,0.00753039126862293,27
"50km","LQH",2.5,0.863538805970149,0.850303828733766,0.000506081668729358,0.014422759434205,0.000471841560637681,0.00378787878787879,5.73921028466483e-05,0.105707296176046,0.00191033540694027,8489.95867351701,23.8485368679521,5.74993057684903e-06,24
"50km","LQH",3,0.859221268656716,0.847569838868597,0.000504676398785258,0.013303682919648,0.000433076063253141,0.00757575757575758,0.000229568411386593,0.0941069173881674,0.00255097076940328,8498.15797622745,32.0478395783939,9.53249617901753e-08,20
"50km","LQH",3.5,0.855283395522388,0.845327336005141,0.000476676420917948,0.0122011336245159,0.000417847189646591,0.00757575757575758,0.000229568411386593,0.0980131673881674,0.0021200067861932,8506.91680678065,40.8066701315893,1.19467768377086e-09,18
"50km","LQH",4,0.852030037313433,0.844631032636634,0.000475339746451752,0.011217656604106,0.000391647257817221,0.00757575757575758,0.000229568411386593,0.0980131673881674,0.0021200067861932,8510.76574025822,44.6556036091624,1.74367469940105e-10,15
"50km","LQHP",0.5,0.890336940298508,0.856663598417208,0.000403029678443574,0.0376698748408169,0.000621690811109137,0.0222727272727273,0.00131089684726048,0.174778138528139,0.00111936475921866,8640.52261940801,174.637876064613,5.69724211526472e-39,82
"50km","LQHP",1,0.880875373134328,0.858541474882756,0.00024131682739858,0.0248779253200856,0.000446040101760063,0.0184848484848485,0.000828037955310683,0.128701524170274,0.00153721353422424,8485.68302580231,19.7982824589126,2.39141647889409e-05,53
"50km","LQHP",1.5,0.873855223880597,0.858458159271284,0.00027010796180767,0.017519081058038,0.000430344375548927,0.0146969696969697,0.000459963269054178,0.109345012626263,0.00267030469826102,8465.8847433434,0,0.47620903302504,35
"50km","LQHP",2,0.869648880597015,0.857476299152237,0.000311956447030898,0.0135971543123243,0.000408066213804919,0.00378787878787879,5.73921028466483e-05,0.102043425324675,0.00215498998651774,8467.83202747706,1.94728413365738,0.179866486863381,27
"50km","LQHP",2.5,0.866610447761194,0.856394504058442,0.000355332844602693,0.0118304231724929,0.000369110064526509,0.0109090909090909,0.00020667278849097,0.0944056637806638,0.00196485289727308,8466.54465994039,0.659916596991025,0.342372253056725,20
"50km","LQHP",3,0.863977611940299,0.85428841925956,0.000330369980876558,0.0106341043609881,0.000338125522830703,0.0109090909090909,0.00020667278849097,0.0944374549062049,0.00254702801327573,8477.64739563592,11.7626522925166,0.00132913819242678,20
"50km","LQHP",3.5,0.861421641791045,0.852403608811328,0.000355712997893491,0.00990010298801902,0.00033424438106423,0.00757575757575758,0.000229568411386593,0.0894417388167388,0.00448406688834854,8481.4468656536,15.5621223102025,0.000198850050721317,17
"50km","LQHP",4,0.858318656716418,0.850830590007215,0.000366530119319846,0.00964283586493364,0.000323036887986139,0.00757575757575758,0.000229568411386593,0.0894417388167388,0.00448406688834854,8494.28200189672,28.3972585533156,3.24646917527172e-07,17
"50km","LQHPT",0.5,0.917055970149254,0.85191170283189,0.00024848724393403,0.0713243726956758,0.000289814908532949,0.0260606060606061,0.00190853994490358,0.276527552308802,0.000190134730442242,9079.98941237717,603.418404039152,8.58144316560102e-132,163
"50km","LQHPT",1,0.893546268656716,0.857577319557179,0.000178249276276421,0.0384650027376421,0.000294980649974243,0.0151515151515152,0.000918273645546373,0.177196744227994,0.00115871772397789,8560.4853322217,83.9143238836859,5.52634507288744e-19,88
"50km","LQHPT",1.5,0.879155597014925,0.85794256446158,0.000240649675040443,0.0239275544162728,0.000435131808519544,0.0113636363636364,0.000516528925619835,0.143753607503607,0.000843018530491475,8476.57100833802,0,0.920877595780609,47
"50km","LQHPT",2,0.871992164179105,0.856831469020563,0.000295695596581284,0.0171269826033117,0.000514437369056005,0.00378787878787879,5.73921028466483e-05,0.117369678932179,0.00139345117145611,8488.63433629939,12.0633279613685,0.00221148258408199,39
"50km","LQHPT",2.5,0.867872388059701,0.856110821406025,0.000328534734575706,0.0138323751437867,0.000392565347984792,0.00378787878787879,5.73921028466483e-05,0.112828508297258,0.00261771812663359,8483.62962929068,7.05862095266639,0.0270048545363572,29
"50km","LQHPT",3,0.86464328358209,0.854151683802309,0.000329233016948891,0.0124696374222343,0.000347901686917013,0.00757575757575758,0.000229568411386593,0.101739042207792,0.00242004560415046,8482.42362581521,5.85261747718687,0.0493539787250941,23
"50km","LQHPT",3.5,0.861930597014925,0.852261687770563,0.00036205788333193,0.0114130711432885,0.000344226599213763,0.00757575757575758,0.000229568411386593,0.0965629509379509,0.00546580381023698,8491.41916439884,14.8481560608197,0.00054949758140707,22
"50km","LQHPT",4,0.858715298507463,0.850840558125902,0.000383871571654548,0.0108079658824891,0.000355981943173935,0.00757575757575758,0.000229568411386593,0.103684163059163,0.00658387375936754,8502.13324555477,25.5622372167563,2.5907924506687e-06,21
